algorithm	Running time	Accuracy	Expected values	Predicted values
K-means	313.4211390018463	0.7875	[[0, 0, 0], [0, 0, 0], [0, 0, 1], [1, 0, 0], [1, 0, 0], [1, 0, 0], [0, 0, 0], [0, 0, 0], [0, 0, 0], [0, 0, 1], [0, 0, 0], [0, 1, 0], [0, 0, 0], [1, 1, 0], [0, 0, 1], [1, 0, 0], [1, 1, 0], [0, 0, 0], [0, 0, 0], [0, 0, 1], [0, 1, 1], [1, 1, 0], [0, 1, 1], [0, 1, 0], [0, 1, 1], [0, 0, 0], [0, 0, 0], [0, 0, 0], [0, 0, 0], [0, 0, 0], [0, 0, 1], [0, 0, 0], [0, 0, 0], [0, 0, 1], [0, 0, 1], [0, 0, 1], [0, 0, 1], [0, 0, 1], [0, 1, 0], [0, 0, 1], [0, 1, 0], [0, 1, 0], [0, 0, 1], [0, 0, 1], [0, 1, 1], [0, 0, 1], [0, 1, 0], [0, 1, 1], [1, 1, 0], [0, 0, 1], [0, 1, 1], [0, 1, 1], [0, 0, 1], [0, 0, 0], [0, 0, 1], [0, 0, 0], [0, 0, 0], [0, 0, 0], [0, 0, 0], [0, 0, 0], [0, 0, 0], [0, 0, 1], [0, 1, 0], [0, 0, 1], [1, 0, 0], [0, 0, 0], [0, 0, 0], [1, 0, 0], [0, 0, 1], [0, 0, 1], [1, 0, 1], [0, 0, 1], [0, 0, 1], [1, 1, 0], [1, 0, 1], [0, 1, 1], [0, 1, 0], [0, 1, 1], [0, 1, 1], [0, 1, 0]]	[[0, 0, 0], [0, 0, 0], [0, 0, 1], [0, 0, 0], [0, 0, 0], [0, 0, 0], [0, 0, 0], [0, 0, 0], [0, 0, 0], [0, 0, 1], [0, 0, 0], [0, 0, 0], [1, 0, 0], [1, 1, 0], [1, 0, 1], [1, 0, 0], [1, 1, 0], [0, 0, 0], [1, 0, 0], [0, 0, 1], [1, 1, 1], [1, 1, 0], [0, 0, 1], [1, 0, 0], [1, 0, 1], [0, 0, 0], [0, 0, 0], [0, 0, 0], [0, 0, 0], [0, 0, 0], [0, 0, 1], [0, 0, 0], [0, 0, 0], [0, 0, 1], [0, 0, 0], [0, 0, 0], [0, 0, 1], [0, 0, 0], [1, 1, 0], [0, 0, 0], [1, 1, 0], [1, 1, 0], [0, 0, 0], [0, 0, 0], [0, 0, 1], [0, 0, 1], [1, 1, 1], [0, 0, 1], [1, 0, 1], [0, 0, 0], [1, 1, 1], [0, 0, 0], [0, 0, 0], [0, 0, 0], [0, 0, 1], [0, 0, 0], [0, 0, 0], [0, 0, 0], [0, 0, 0], [0, 0, 0], [0, 0, 0], [0, 0, 1], [0, 0, 0], [0, 0, 1], [1, 0, 0], [1, 1, 0], [0, 0, 0], [1, 0, 0], [0, 0, 1], [0, 0, 1], [0, 0, 0], [0, 1, 1], [1, 1, 1], [1, 0, 1], [0, 0, 0], [0, 1, 1], [0, 0, 0], [0, 0, 0], [0, 0, 0], [0, 1, 1]]
K-means	321.2909457683563	0.8041666666666667	[[0, 0, 0], [0, 0, 0], [0, 0, 1], [1, 0, 0], [1, 0, 0], [1, 0, 0], [0, 0, 0], [0, 0, 0], [0, 0, 0], [0, 0, 1], [0, 0, 0], [0, 1, 0], [0, 0, 0], [1, 1, 0], [0, 0, 1], [1, 0, 0], [1, 1, 0], [0, 0, 0], [0, 0, 0], [0, 0, 1], [0, 1, 1], [1, 1, 0], [0, 1, 1], [0, 1, 0], [0, 1, 1], [0, 0, 0], [0, 0, 0], [0, 0, 0], [0, 0, 0], [0, 0, 0], [0, 0, 1], [0, 0, 0], [0, 0, 0], [0, 0, 1], [0, 0, 1], [0, 0, 1], [0, 0, 1], [0, 0, 1], [0, 1, 0], [0, 0, 1], [0, 1, 0], [0, 1, 0], [0, 0, 1], [0, 0, 1], [0, 1, 1], [0, 0, 1], [0, 1, 0], [0, 1, 1], [1, 1, 0], [0, 0, 1], [0, 1, 1], [0, 1, 1], [0, 0, 1], [0, 0, 0], [0, 0, 1], [0, 0, 0], [0, 0, 0], [0, 0, 0], [0, 0, 0], [0, 0, 0], [0, 0, 0], [0, 0, 1], [0, 1, 0], [0, 0, 1], [1, 0, 0], [0, 0, 0], [0, 0, 0], [1, 0, 0], [0, 0, 1], [0, 0, 1], [1, 0, 1], [0, 0, 1], [0, 0, 1], [1, 1, 0], [1, 0, 1], [0, 1, 1], [0, 1, 0], [0, 1, 1], [0, 1, 1], [0, 1, 0]]	[[0, 0, 0], [0, 0, 0], [0, 0, 1], [0, 0, 0], [0, 0, 0], [0, 0, 0], [0, 0, 0], [0, 0, 0], [0, 0, 0], [0, 0, 1], [0, 0, 0], [0, 0, 0], [1, 0, 0], [1, 1, 0], [1, 0, 1], [1, 0, 0], [1, 1, 0], [0, 0, 0], [1, 0, 0], [0, 0, 1], [1, 1, 1], [1, 1, 0], [0, 0, 1], [1, 0, 0], [0, 0, 1], [0, 0, 0], [0, 0, 0], [0, 0, 0], [0, 0, 0], [0, 0, 0], [0, 0, 1], [0, 0, 0], [0, 0, 0], [0, 0, 1], [0, 0, 0], [0, 0, 0], [0, 0, 1], [0, 0, 0], [1, 1, 0], [0, 0, 1], [1, 1, 0], [1, 1, 0], [0, 0, 0], [0, 0, 0], [0, 0, 1], [0, 0, 1], [1, 1, 1], [0, 0, 1], [1, 0, 1], [1, 1, 1], [1, 1, 1], [0, 0, 0], [0, 0, 0], [0, 0, 0], [0, 0, 1], [0, 0, 0], [0, 0, 0], [0, 0, 0], [0, 0, 0], [0, 0, 0], [0, 0, 0], [0, 0, 1], [0, 0, 0], [0, 0, 1], [1, 0, 0], [1, 1, 0], [0, 0, 0], [1, 0, 0], [0, 0, 1], [0, 0, 1], [1, 1, 1], [0, 1, 1], [1, 1, 1], [1, 0, 1], [1, 1, 1], [0, 1, 1], [0, 0, 0], [0, 0, 0], [1, 1, 1], [0, 1, 1]]
K-means	322.4507293701172	0.8041666666666667	[[0, 0, 0], [0, 0, 0], [0, 0, 1], [1, 0, 0], [1, 0, 0], [1, 0, 0], [0, 0, 0], [0, 0, 0], [0, 0, 0], [0, 0, 1], [0, 0, 0], [0, 1, 0], [0, 0, 0], [1, 1, 0], [0, 0, 1], [1, 0, 0], [1, 1, 0], [0, 0, 0], [0, 0, 0], [0, 0, 1], [0, 1, 1], [1, 1, 0], [0, 1, 1], [0, 1, 0], [0, 1, 1], [0, 0, 0], [0, 0, 0], [0, 0, 0], [0, 0, 0], [0, 0, 0], [0, 0, 1], [0, 0, 0], [0, 0, 0], [0, 0, 1], [0, 0, 1], [0, 0, 1], [0, 0, 1], [0, 0, 1], [0, 1, 0], [0, 0, 1], [0, 1, 0], [0, 1, 0], [0, 0, 1], [0, 0, 1], [0, 1, 1], [0, 0, 1], [0, 1, 0], [0, 1, 1], [1, 1, 0], [0, 0, 1], [0, 1, 1], [0, 1, 1], [0, 0, 1], [0, 0, 0], [0, 0, 1], [0, 0, 0], [0, 0, 0], [0, 0, 0], [0, 0, 0], [0, 0, 0], [0, 0, 0], [0, 0, 1], [0, 1, 0], [0, 0, 1], [1, 0, 0], [0, 0, 0], [0, 0, 0], [1, 0, 0], [0, 0, 1], [0, 0, 1], [1, 0, 1], [0, 0, 1], [0, 0, 1], [1, 1, 0], [1, 0, 1], [0, 1, 1], [0, 1, 0], [0, 1, 1], [0, 1, 1], [0, 1, 0]]	[[0, 0, 0], [0, 0, 0], [0, 0, 1], [0, 0, 0], [0, 0, 0], [0, 0, 0], [0, 0, 0], [0, 0, 0], [0, 0, 0], [0, 0, 1], [0, 0, 0], [0, 0, 0], [1, 0, 0], [1, 1, 0], [1, 0, 1], [1, 0, 0], [1, 1, 0], [0, 0, 0], [1, 0, 0], [0, 0, 1], [1, 1, 1], [1, 1, 0], [0, 0, 1], [1, 0, 0], [0, 0, 1], [0, 0, 0], [0, 0, 0], [0, 0, 0], [0, 0, 0], [0, 0, 0], [0, 0, 1], [0, 0, 0], [0, 0, 0], [0, 0, 1], [0, 0, 1], [0, 0, 0], [0, 0, 1], [0, 0, 0], [1, 1, 0], [0, 0, 0], [1, 1, 0], [1, 1, 0], [0, 0, 1], [0, 0, 0], [0, 0, 1], [0, 0, 1], [1, 1, 1], [0, 0, 1], [1, 0, 1], [0, 0, 0], [1, 1, 1], [1, 1, 1], [0, 0, 0], [0, 0, 0], [0, 0, 1], [0, 0, 0], [0, 0, 0], [0, 0, 0], [0, 0, 0], [0, 0, 0], [0, 0, 0], [0, 0, 1], [0, 0, 0], [0, 0, 1], [1, 0, 0], [1, 1, 0], [0, 0, 0], [1, 0, 0], [0, 0, 1], [0, 0, 1], [0, 0, 0], [0, 1, 1], [1, 1, 1], [1, 0, 1], [0, 0, 0], [0, 1, 1], [0, 0, 0], [0, 0, 0], [0, 0, 0], [0, 1, 1]]
K-means	323.5310044288635	0.8166666666666667	[[0, 0, 0], [0, 0, 0], [0, 0, 1], [1, 0, 0], [1, 0, 0], [1, 0, 0], [0, 0, 0], [0, 0, 0], [0, 0, 0], [0, 0, 1], [0, 0, 0], [0, 1, 0], [0, 0, 0], [1, 1, 0], [0, 0, 1], [1, 0, 0], [1, 1, 0], [0, 0, 0], [0, 0, 0], [0, 0, 1], [0, 1, 1], [1, 1, 0], [0, 1, 1], [0, 1, 0], [0, 1, 1], [0, 0, 0], [0, 0, 0], [0, 0, 0], [0, 0, 0], [0, 0, 0], [0, 0, 1], [0, 0, 0], [0, 0, 0], [0, 0, 1], [0, 0, 1], [0, 0, 1], [0, 0, 1], [0, 0, 1], [0, 1, 0], [0, 0, 1], [0, 1, 0], [0, 1, 0], [0, 0, 1], [0, 0, 1], [0, 1, 1], [0, 0, 1], [0, 1, 0], [0, 1, 1], [1, 1, 0], [0, 0, 1], [0, 1, 1], [0, 1, 1], [0, 0, 1], [0, 0, 0], [0, 0, 1], [0, 0, 0], [0, 0, 0], [0, 0, 0], [0, 0, 0], [0, 0, 0], [0, 0, 0], [0, 0, 1], [0, 1, 0], [0, 0, 1], [1, 0, 0], [0, 0, 0], [0, 0, 0], [1, 0, 0], [0, 0, 1], [0, 0, 1], [1, 0, 1], [0, 0, 1], [0, 0, 1], [1, 1, 0], [1, 0, 1], [0, 1, 1], [0, 1, 0], [0, 1, 1], [0, 1, 1], [0, 1, 0]]	[[0, 0, 0], [0, 0, 0], [0, 0, 1], [0, 0, 0], [0, 0, 0], [0, 0, 0], [0, 0, 0], [0, 0, 0], [0, 0, 0], [0, 0, 1], [0, 0, 0], [0, 0, 0], [1, 0, 0], [1, 1, 0], [0, 0, 1], [1, 0, 0], [1, 1, 0], [0, 0, 0], [1, 0, 0], [0, 0, 1], [1, 1, 1], [1, 1, 0], [0, 0, 1], [1, 0, 0], [0, 0, 1], [0, 0, 0], [0, 0, 0], [0, 0, 0], [0, 0, 0], [0, 0, 0], [0, 0, 1], [0, 0, 0], [0, 0, 0], [0, 0, 1], [0, 0, 1], [0, 0, 0], [0, 0, 1], [0, 0, 0], [1, 1, 0], [0, 0, 1], [1, 1, 0], [1, 1, 0], [0, 0, 0], [0, 0, 1], [0, 1, 1], [0, 0, 1], [1, 1, 1], [0, 0, 1], [1, 0, 1], [1, 1, 1], [1, 1, 1], [0, 0, 1], [0, 0, 0], [0, 0, 0], [0, 0, 1], [0, 0, 0], [0, 0, 0], [0, 0, 0], [0, 0, 0], [0, 0, 0], [0, 0, 0], [0, 0, 1], [0, 0, 0], [0, 0, 1], [1, 0, 0], [1, 1, 0], [0, 0, 0], [1, 0, 0], [0, 0, 1], [0, 0, 1], [1, 1, 1], [0, 1, 1], [1, 1, 1], [1, 0, 1], [0, 0, 0], [0, 1, 1], [0, 0, 0], [0, 0, 0], [0, 0, 0], [0, 1, 1]]
K-means	341.1374189853668	0.8083333333333333	[[0, 0, 0], [0, 0, 0], [0, 0, 1], [1, 0, 0], [1, 0, 0], [1, 0, 0], [0, 0, 0], [0, 0, 0], [0, 0, 0], [0, 0, 1], [0, 0, 0], [0, 1, 0], [0, 0, 0], [1, 1, 0], [0, 0, 1], [1, 0, 0], [1, 1, 0], [0, 0, 0], [0, 0, 0], [0, 0, 1], [0, 1, 1], [1, 1, 0], [0, 1, 1], [0, 1, 0], [0, 1, 1], [0, 0, 0], [0, 0, 0], [0, 0, 0], [0, 0, 0], [0, 0, 0], [0, 0, 1], [0, 0, 0], [0, 0, 0], [0, 0, 1], [0, 0, 1], [0, 0, 1], [0, 0, 1], [0, 0, 1], [0, 1, 0], [0, 0, 1], [0, 1, 0], [0, 1, 0], [0, 0, 1], [0, 0, 1], [0, 1, 1], [0, 0, 1], [0, 1, 0], [0, 1, 1], [1, 1, 0], [0, 0, 1], [0, 1, 1], [0, 1, 1], [0, 0, 1], [0, 0, 0], [0, 0, 1], [0, 0, 0], [0, 0, 0], [0, 0, 0], [0, 0, 0], [0, 0, 0], [0, 0, 0], [0, 0, 1], [0, 1, 0], [0, 0, 1], [1, 0, 0], [0, 0, 0], [0, 0, 0], [1, 0, 0], [0, 0, 1], [0, 0, 1], [1, 0, 1], [0, 0, 1], [0, 0, 1], [1, 1, 0], [1, 0, 1], [0, 1, 1], [0, 1, 0], [0, 1, 1], [0, 1, 1], [0, 1, 0]]	[[0, 0, 0], [0, 0, 0], [0, 0, 1], [0, 0, 0], [0, 0, 0], [0, 0, 0], [0, 0, 0], [0, 0, 0], [0, 0, 0], [0, 0, 1], [0, 0, 0], [0, 0, 0], [1, 0, 0], [1, 1, 0], [0, 0, 1], [1, 0, 0], [1, 1, 0], [0, 0, 0], [1, 0, 0], [0, 0, 1], [1, 1, 1], [1, 1, 0], [0, 0, 1], [1, 0, 0], [1, 0, 1], [0, 0, 0], [0, 0, 0], [0, 0, 0], [0, 0, 0], [0, 0, 0], [0, 0, 1], [0, 0, 0], [0, 0, 0], [0, 0, 1], [0, 0, 0], [0, 0, 1], [0, 0, 1], [0, 0, 1], [1, 1, 0], [0, 0, 0], [1, 1, 0], [1, 1, 0], [0, 0, 1], [0, 0, 1], [0, 0, 0], [0, 0, 1], [1, 1, 1], [0, 0, 1], [1, 0, 1], [0, 0, 0], [1, 1, 1], [1, 1, 1], [0, 0, 0], [0, 0, 0], [0, 0, 1], [0, 0, 0], [0, 0, 0], [0, 0, 0], [0, 0, 0], [0, 0, 0], [0, 0, 0], [0, 0, 1], [0, 0, 0], [0, 0, 1], [1, 0, 0], [1, 1, 0], [0, 0, 0], [1, 0, 0], [0, 0, 0], [0, 0, 1], [1, 1, 1], [0, 1, 1], [1, 1, 1], [1, 0, 1], [0, 0, 0], [0, 1, 1], [0, 0, 0], [0, 0, 0], [0, 0, 0], [0, 1, 1]]
K-means	349.72788429260254	0.7916666666666666	[[0, 0, 0], [0, 0, 0], [0, 0, 1], [1, 0, 0], [1, 0, 0], [1, 0, 0], [0, 0, 0], [0, 0, 0], [0, 0, 0], [0, 0, 1], [0, 0, 0], [0, 1, 0], [0, 0, 0], [1, 1, 0], [0, 0, 1], [1, 0, 0], [1, 1, 0], [0, 0, 0], [0, 0, 0], [0, 0, 1], [0, 1, 1], [1, 1, 0], [0, 1, 1], [0, 1, 0], [0, 1, 1], [0, 0, 0], [0, 0, 0], [0, 0, 0], [0, 0, 0], [0, 0, 0], [0, 0, 1], [0, 0, 0], [0, 0, 0], [0, 0, 1], [0, 0, 1], [0, 0, 1], [0, 0, 1], [0, 0, 1], [0, 1, 0], [0, 0, 1], [0, 1, 0], [0, 1, 0], [0, 0, 1], [0, 0, 1], [0, 1, 1], [0, 0, 1], [0, 1, 0], [0, 1, 1], [1, 1, 0], [0, 0, 1], [0, 1, 1], [0, 1, 1], [0, 0, 1], [0, 0, 0], [0, 0, 1], [0, 0, 0], [0, 0, 0], [0, 0, 0], [0, 0, 0], [0, 0, 0], [0, 0, 0], [0, 0, 1], [0, 1, 0], [0, 0, 1], [1, 0, 0], [0, 0, 0], [0, 0, 0], [1, 0, 0], [0, 0, 1], [0, 0, 1], [1, 0, 1], [0, 0, 1], [0, 0, 1], [1, 1, 0], [1, 0, 1], [0, 1, 1], [0, 1, 0], [0, 1, 1], [0, 1, 1], [0, 1, 0]]	[[0, 0, 0], [0, 0, 0], [0, 0, 1], [0, 0, 0], [0, 0, 0], [0, 0, 0], [0, 0, 0], [0, 0, 0], [0, 0, 0], [0, 0, 1], [0, 0, 0], [0, 0, 0], [1, 0, 0], [1, 1, 0], [1, 0, 1], [1, 0, 0], [1, 1, 0], [0, 0, 0], [1, 0, 0], [0, 0, 1], [1, 1, 1], [1, 1, 0], [0, 0, 1], [1, 0, 0], [0, 0, 1], [0, 0, 0], [0, 0, 0], [0, 0, 0], [0, 0, 0], [0, 0, 0], [0, 0, 1], [0, 0, 0], [0, 0, 0], [0, 0, 1], [0, 0, 0], [0, 0, 0], [0, 0, 1], [0, 0, 0], [1, 1, 0], [0, 0, 0], [1, 1, 0], [1, 1, 0], [0, 0, 0], [0, 0, 1], [0, 0, 0], [0, 0, 1], [1, 1, 1], [0, 0, 1], [1, 0, 1], [0, 0, 0], [1, 1, 1], [0, 0, 0], [0, 0, 0], [0, 0, 0], [0, 0, 1], [0, 0, 0], [0, 0, 0], [0, 0, 0], [0, 0, 0], [0, 0, 0], [0, 0, 0], [0, 0, 1], [0, 0, 0], [0, 0, 1], [1, 0, 0], [1, 1, 0], [0, 0, 0], [1, 0, 0], [0, 0, 1], [0, 0, 1], [0, 0, 0], [0, 1, 1], [1, 1, 1], [1, 0, 1], [0, 0, 0], [0, 1, 1], [0, 0, 0], [0, 0, 0], [0, 0, 0], [0, 1, 1]]
K-means	353.9797523021698	0.7833333333333333	[[0, 0, 0], [0, 0, 0], [0, 0, 1], [1, 0, 0], [1, 0, 0], [1, 0, 0], [0, 0, 0], [0, 0, 0], [0, 0, 0], [0, 0, 1], [0, 0, 0], [0, 1, 0], [0, 0, 0], [1, 1, 0], [0, 0, 1], [1, 0, 0], [1, 1, 0], [0, 0, 0], [0, 0, 0], [0, 0, 1], [0, 1, 1], [1, 1, 0], [0, 1, 1], [0, 1, 0], [0, 1, 1], [0, 0, 0], [0, 0, 0], [0, 0, 0], [0, 0, 0], [0, 0, 0], [0, 0, 1], [0, 0, 0], [0, 0, 0], [0, 0, 1], [0, 0, 1], [0, 0, 1], [0, 0, 1], [0, 0, 1], [0, 1, 0], [0, 0, 1], [0, 1, 0], [0, 1, 0], [0, 0, 1], [0, 0, 1], [0, 1, 1], [0, 0, 1], [0, 1, 0], [0, 1, 1], [1, 1, 0], [0, 0, 1], [0, 1, 1], [0, 1, 1], [0, 0, 1], [0, 0, 0], [0, 0, 1], [0, 0, 0], [0, 0, 0], [0, 0, 0], [0, 0, 0], [0, 0, 0], [0, 0, 0], [0, 0, 1], [0, 1, 0], [0, 0, 1], [1, 0, 0], [0, 0, 0], [0, 0, 0], [1, 0, 0], [0, 0, 1], [0, 0, 1], [1, 0, 1], [0, 0, 1], [0, 0, 1], [1, 1, 0], [1, 0, 1], [0, 1, 1], [0, 1, 0], [0, 1, 1], [0, 1, 1], [0, 1, 0]]	[[0, 0, 0], [0, 0, 0], [0, 0, 1], [0, 0, 0], [0, 0, 0], [0, 0, 0], [0, 0, 0], [0, 0, 0], [0, 0, 0], [0, 0, 1], [0, 0, 0], [0, 0, 0], [1, 0, 0], [1, 1, 0], [1, 0, 1], [1, 0, 0], [1, 1, 0], [0, 0, 0], [1, 0, 0], [0, 0, 1], [1, 1, 1], [1, 1, 0], [0, 0, 1], [1, 0, 0], [1, 0, 1], [0, 0, 0], [0, 0, 0], [0, 0, 0], [0, 0, 0], [0, 0, 0], [0, 0, 1], [0, 0, 0], [0, 0, 0], [0, 0, 1], [0, 0, 0], [0, 0, 0], [0, 0, 1], [0, 0, 0], [1, 1, 0], [0, 0, 0], [1, 1, 0], [1, 1, 0], [0, 0, 0], [0, 0, 1], [0, 0, 0], [0, 0, 1], [1, 1, 1], [0, 0, 1], [1, 0, 1], [1, 1, 1], [1, 1, 1], [0, 0, 1], [0, 0, 0], [0, 0, 0], [0, 0, 1], [0, 0, 0], [0, 0, 0], [0, 0, 0], [0, 0, 0], [0, 0, 0], [0, 0, 0], [0, 0, 1], [0, 0, 0], [0, 0, 0], [1, 0, 0], [1, 1, 0], [0, 0, 0], [1, 0, 0], [0, 0, 1], [0, 0, 1], [0, 0, 0], [0, 1, 1], [1, 1, 1], [1, 0, 1], [0, 0, 0], [0, 1, 1], [0, 0, 0], [0, 0, 0], [0, 0, 0], [0, 1, 1]]
K-means	354.26146936416626	0.8125	[[0, 0, 0], [0, 0, 0], [0, 0, 1], [1, 0, 0], [1, 0, 0], [1, 0, 0], [0, 0, 0], [0, 0, 0], [0, 0, 0], [0, 0, 1], [0, 0, 0], [0, 1, 0], [0, 0, 0], [1, 1, 0], [0, 0, 1], [1, 0, 0], [1, 1, 0], [0, 0, 0], [0, 0, 0], [0, 0, 1], [0, 1, 1], [1, 1, 0], [0, 1, 1], [0, 1, 0], [0, 1, 1], [0, 0, 0], [0, 0, 0], [0, 0, 0], [0, 0, 0], [0, 0, 0], [0, 0, 1], [0, 0, 0], [0, 0, 0], [0, 0, 1], [0, 0, 1], [0, 0, 1], [0, 0, 1], [0, 0, 1], [0, 1, 0], [0, 0, 1], [0, 1, 0], [0, 1, 0], [0, 0, 1], [0, 0, 1], [0, 1, 1], [0, 0, 1], [0, 1, 0], [0, 1, 1], [1, 1, 0], [0, 0, 1], [0, 1, 1], [0, 1, 1], [0, 0, 1], [0, 0, 0], [0, 0, 1], [0, 0, 0], [0, 0, 0], [0, 0, 0], [0, 0, 0], [0, 0, 0], [0, 0, 0], [0, 0, 1], [0, 1, 0], [0, 0, 1], [1, 0, 0], [0, 0, 0], [0, 0, 0], [1, 0, 0], [0, 0, 1], [0, 0, 1], [1, 0, 1], [0, 0, 1], [0, 0, 1], [1, 1, 0], [1, 0, 1], [0, 1, 1], [0, 1, 0], [0, 1, 1], [0, 1, 1], [0, 1, 0]]	[[0, 0, 0], [0, 0, 0], [0, 0, 1], [0, 0, 0], [0, 0, 0], [0, 0, 0], [0, 0, 0], [0, 0, 0], [0, 0, 0], [0, 0, 1], [0, 0, 0], [0, 0, 0], [1, 0, 0], [1, 1, 0], [0, 0, 1], [1, 0, 0], [1, 1, 0], [0, 0, 0], [1, 0, 0], [0, 0, 1], [1, 1, 1], [1, 1, 0], [0, 0, 1], [1, 0, 0], [0, 0, 1], [0, 0, 0], [0, 0, 0], [0, 0, 0], [0, 0, 0], [0, 0, 0], [0, 0, 1], [0, 0, 0], [0, 0, 0], [0, 0, 1], [0, 0, 1], [0, 0, 1], [0, 0, 1], [0, 0, 0], [1, 1, 0], [0, 0, 0], [1, 1, 0], [1, 1, 0], [0, 0, 0], [0, 0, 1], [0, 0, 1], [0, 0, 1], [1, 1, 1], [0, 0, 1], [1, 0, 1], [0, 0, 0], [1, 1, 1], [1, 1, 1], [0, 0, 0], [0, 0, 0], [0, 0, 1], [0, 0, 0], [0, 0, 0], [0, 0, 0], [0, 0, 0], [0, 0, 0], [0, 0, 0], [0, 0, 1], [0, 0, 0], [0, 0, 1], [1, 0, 0], [1, 1, 0], [0, 0, 0], [1, 0, 0], [0, 0, 1], [0, 0, 1], [0, 0, 0], [0, 1, 1], [1, 1, 1], [1, 0, 1], [0, 0, 0], [0, 1, 1], [0, 0, 0], [0, 0, 0], [0, 0, 0], [0, 1, 1]]
K-means	353.6849431991577	0.7958333333333333	[[0, 0, 0], [0, 0, 0], [0, 0, 1], [1, 0, 0], [1, 0, 0], [1, 0, 0], [0, 0, 0], [0, 0, 0], [0, 0, 0], [0, 0, 1], [0, 0, 0], [0, 1, 0], [0, 0, 0], [1, 1, 0], [0, 0, 1], [1, 0, 0], [1, 1, 0], [0, 0, 0], [0, 0, 0], [0, 0, 1], [0, 1, 1], [1, 1, 0], [0, 1, 1], [0, 1, 0], [0, 1, 1], [0, 0, 0], [0, 0, 0], [0, 0, 0], [0, 0, 0], [0, 0, 0], [0, 0, 1], [0, 0, 0], [0, 0, 0], [0, 0, 1], [0, 0, 1], [0, 0, 1], [0, 0, 1], [0, 0, 1], [0, 1, 0], [0, 0, 1], [0, 1, 0], [0, 1, 0], [0, 0, 1], [0, 0, 1], [0, 1, 1], [0, 0, 1], [0, 1, 0], [0, 1, 1], [1, 1, 0], [0, 0, 1], [0, 1, 1], [0, 1, 1], [0, 0, 1], [0, 0, 0], [0, 0, 1], [0, 0, 0], [0, 0, 0], [0, 0, 0], [0, 0, 0], [0, 0, 0], [0, 0, 0], [0, 0, 1], [0, 1, 0], [0, 0, 1], [1, 0, 0], [0, 0, 0], [0, 0, 0], [1, 0, 0], [0, 0, 1], [0, 0, 1], [1, 0, 1], [0, 0, 1], [0, 0, 1], [1, 1, 0], [1, 0, 1], [0, 1, 1], [0, 1, 0], [0, 1, 1], [0, 1, 1], [0, 1, 0]]	[[0, 0, 0], [0, 0, 0], [0, 0, 1], [0, 0, 0], [0, 0, 0], [0, 0, 0], [0, 0, 0], [0, 0, 0], [0, 0, 0], [0, 0, 1], [0, 0, 1], [0, 0, 0], [1, 0, 0], [1, 1, 0], [1, 0, 1], [1, 0, 0], [1, 1, 0], [0, 0, 0], [1, 0, 0], [0, 0, 1], [1, 1, 1], [1, 1, 0], [0, 0, 1], [1, 0, 0], [1, 0, 1], [0, 0, 0], [0, 0, 0], [0, 0, 0], [0, 0, 0], [0, 0, 0], [0, 0, 1], [0, 0, 0], [0, 0, 0], [0, 0, 1], [0, 0, 0], [0, 0, 1], [0, 0, 1], [0, 0, 0], [1, 1, 0], [0, 0, 0], [1, 1, 0], [1, 1, 0], [0, 0, 0], [0, 0, 1], [0, 0, 1], [0, 0, 1], [1, 1, 1], [0, 0, 1], [1, 0, 1], [1, 1, 1], [1, 1, 1], [1, 1, 1], [0, 0, 0], [0, 0, 0], [0, 0, 1], [0, 0, 0], [0, 0, 0], [0, 0, 0], [0, 0, 0], [0, 0, 0], [0, 0, 0], [0, 0, 1], [0, 0, 0], [0, 0, 0], [1, 0, 0], [1, 1, 0], [0, 0, 0], [1, 0, 0], [0, 0, 1], [0, 0, 1], [1, 1, 1], [0, 1, 1], [1, 1, 1], [1, 0, 1], [0, 0, 0], [0, 1, 1], [0, 0, 0], [0, 0, 0], [1, 1, 1], [0, 1, 1]]
K-means	352.78109407424927	0.8166666666666667	[[0, 0, 0], [0, 0, 0], [0, 0, 1], [1, 0, 0], [1, 0, 0], [1, 0, 0], [0, 0, 0], [0, 0, 0], [0, 0, 0], [0, 0, 1], [0, 0, 0], [0, 1, 0], [0, 0, 0], [1, 1, 0], [0, 0, 1], [1, 0, 0], [1, 1, 0], [0, 0, 0], [0, 0, 0], [0, 0, 1], [0, 1, 1], [1, 1, 0], [0, 1, 1], [0, 1, 0], [0, 1, 1], [0, 0, 0], [0, 0, 0], [0, 0, 0], [0, 0, 0], [0, 0, 0], [0, 0, 1], [0, 0, 0], [0, 0, 0], [0, 0, 1], [0, 0, 1], [0, 0, 1], [0, 0, 1], [0, 0, 1], [0, 1, 0], [0, 0, 1], [0, 1, 0], [0, 1, 0], [0, 0, 1], [0, 0, 1], [0, 1, 1], [0, 0, 1], [0, 1, 0], [0, 1, 1], [1, 1, 0], [0, 0, 1], [0, 1, 1], [0, 1, 1], [0, 0, 1], [0, 0, 0], [0, 0, 1], [0, 0, 0], [0, 0, 0], [0, 0, 0], [0, 0, 0], [0, 0, 0], [0, 0, 0], [0, 0, 1], [0, 1, 0], [0, 0, 1], [1, 0, 0], [0, 0, 0], [0, 0, 0], [1, 0, 0], [0, 0, 1], [0, 0, 1], [1, 0, 1], [0, 0, 1], [0, 0, 1], [1, 1, 0], [1, 0, 1], [0, 1, 1], [0, 1, 0], [0, 1, 1], [0, 1, 1], [0, 1, 0]]	[[0, 0, 0], [0, 0, 0], [0, 0, 1], [0, 0, 0], [0, 0, 0], [0, 0, 0], [0, 0, 0], [0, 0, 0], [0, 0, 0], [0, 0, 1], [0, 0, 0], [0, 0, 0], [1, 0, 0], [1, 1, 0], [0, 0, 1], [1, 0, 0], [1, 1, 0], [0, 0, 0], [1, 0, 0], [0, 0, 1], [1, 1, 1], [1, 1, 0], [0, 0, 1], [1, 0, 0], [0, 0, 1], [0, 0, 0], [0, 0, 0], [0, 0, 0], [0, 0, 0], [0, 0, 0], [0, 0, 1], [0, 0, 0], [0, 0, 0], [0, 0, 1], [0, 0, 0], [0, 0, 0], [0, 0, 1], [0, 0, 1], [1, 1, 0], [0, 0, 1], [1, 1, 0], [1, 1, 0], [0, 0, 0], [0, 0, 1], [0, 0, 0], [0, 0, 1], [1, 1, 1], [0, 0, 1], [1, 0, 1], [0, 0, 0], [1, 1, 1], [1, 1, 1], [0, 0, 0], [0, 0, 0], [0, 0, 1], [0, 0, 0], [0, 0, 0], [0, 0, 0], [0, 0, 0], [0, 0, 0], [0, 0, 0], [0, 0, 1], [0, 0, 0], [0, 0, 1], [1, 0, 0], [1, 1, 0], [0, 0, 0], [1, 0, 0], [0, 0, 1], [0, 0, 1], [1, 1, 1], [0, 1, 1], [1, 1, 1], [1, 0, 1], [0, 0, 0], [0, 1, 1], [0, 0, 0], [0, 0, 0], [0, 0, 1], [0, 1, 1]]
