algorithm	Threshold	Accuracy Unique	Run Time	Expected values	Predicted values
Euclid	150	0.775	76.07116270065308	[[0, 0, 0], [0, 0, 0], [0, 0, 1], [1, 0, 0], [1, 0, 0], [1, 0, 0], [0, 0, 0], [0, 0, 0], [0, 0, 0], [0, 0, 1], [0, 0, 0], [0, 1, 0], [0, 0, 0], [1, 1, 0], [0, 0, 1], [1, 0, 0], [1, 1, 0], [0, 0, 0], [0, 0, 0], [0, 0, 1], [0, 1, 1], [1, 1, 0], [0, 1, 1], [0, 1, 0], [0, 1, 1], [0, 0, 0], [0, 0, 0], [0, 0, 0], [0, 0, 0], [0, 0, 0], [0, 0, 1], [0, 0, 0], [0, 0, 0], [0, 0, 1], [0, 0, 1], [0, 0, 1], [0, 0, 1], [0, 0, 1], [0, 1, 0], [0, 0, 1], [0, 1, 0], [0, 1, 0], [0, 0, 1], [0, 0, 1], [0, 1, 1], [0, 0, 1], [0, 1, 0], [0, 1, 1], [1, 1, 0], [0, 0, 1], [0, 1, 1], [0, 1, 1], [0, 0, 1], [0, 0, 0], [0, 0, 1], [0, 0, 0], [0, 0, 0], [0, 0, 0], [0, 0, 0], [0, 0, 0], [0, 0, 0], [0, 0, 1], [0, 1, 0], [0, 0, 1], [1, 0, 0], [0, 0, 0], [0, 0, 0], [1, 0, 0], [0, 0, 1], [0, 0, 1], [1, 0, 1], [0, 0, 1], [0, 0, 1], [1, 1, 0], [1, 0, 1], [0, 1, 1], [0, 1, 0], [0, 1, 1], [0, 1, 1], [0, 1, 0]]	[[0, 0, 0], [0, 0, 0], [0, 0, 1], [1, 0, 0], [1, 0, 0], [1, 0, 0], [0, 0, 0], [0, 0, 0], [0, 0, 0], [0, 0, 1], [0, 0, 0], [1, 1, 0], [1, 0, 0], [1, 1, 0], [1, 0, 1], [1, 0, 0], [1, 1, 0], [1, 1, 0], [1, 0, 0], [0, 0, 1], [1, 1, 1], [1, 1, 0], [0, 0, 1], [0, 1, 0], [1, 1, 1], [0, 0, 0], [1, 0, 0], [0, 0, 0], [0, 0, 0], [0, 0, 0], [0, 0, 1], [0, 0, 0], [1, 0, 0], [0, 0, 1], [0, 0, 1], [0, 0, 1], [0, 0, 0], [0, 0, 1], [1, 1, 0], [0, 0, 1], [1, 1, 0], [1, 1, 0], [0, 0, 1], [0, 0, 1], [1, 0, 0], [0, 0, 1], [1, 1, 1], [0, 0, 1], [1, 0, 1], [1, 0, 1], [1, 1, 1], [1, 0, 1], [1, 1, 1], [0, 0, 0], [0, 0, 1], [0, 0, 0], [0, 0, 0], [0, 0, 0], [0, 0, 0], [0, 0, 0], [0, 0, 0], [0, 0, 1], [1, 0, 0], [0, 0, 1], [1, 1, 0], [1, 1, 0], [1, 0, 1], [1, 1, 0], [1, 0, 1], [0, 0, 1], [1, 1, 1], [1, 1, 0], [1, 1, 1], [1, 0, 1], [1, 0, 0], [1, 1, 1], [1, 0, 0], [1, 1, 1], [0, 0, 1], [1, 1, 1]]
Euclid	160	0.7958333333333333	73.78380846977234	[[0, 0, 0], [0, 0, 0], [0, 0, 1], [1, 0, 0], [1, 0, 0], [1, 0, 0], [0, 0, 0], [0, 0, 0], [0, 0, 0], [0, 0, 1], [0, 0, 0], [0, 1, 0], [0, 0, 0], [1, 1, 0], [0, 0, 1], [1, 0, 0], [1, 1, 0], [0, 0, 0], [0, 0, 0], [0, 0, 1], [0, 1, 1], [1, 1, 0], [0, 1, 1], [0, 1, 0], [0, 1, 1], [0, 0, 0], [0, 0, 0], [0, 0, 0], [0, 0, 0], [0, 0, 0], [0, 0, 1], [0, 0, 0], [0, 0, 0], [0, 0, 1], [0, 0, 1], [0, 0, 1], [0, 0, 1], [0, 0, 1], [0, 1, 0], [0, 0, 1], [0, 1, 0], [0, 1, 0], [0, 0, 1], [0, 0, 1], [0, 1, 1], [0, 0, 1], [0, 1, 0], [0, 1, 1], [1, 1, 0], [0, 0, 1], [0, 1, 1], [0, 1, 1], [0, 0, 1], [0, 0, 0], [0, 0, 1], [0, 0, 0], [0, 0, 0], [0, 0, 0], [0, 0, 0], [0, 0, 0], [0, 0, 0], [0, 0, 1], [0, 1, 0], [0, 0, 1], [1, 0, 0], [0, 0, 0], [0, 0, 0], [1, 0, 0], [0, 0, 1], [0, 0, 1], [1, 0, 1], [0, 0, 1], [0, 0, 1], [1, 1, 0], [1, 0, 1], [0, 1, 1], [0, 1, 0], [0, 1, 1], [0, 1, 1], [0, 1, 0]]	[[0, 0, 0], [0, 0, 0], [0, 0, 1], [1, 0, 0], [1, 0, 0], [1, 0, 0], [0, 0, 0], [0, 0, 0], [0, 0, 0], [0, 0, 1], [0, 0, 0], [1, 1, 0], [1, 0, 0], [1, 1, 0], [1, 0, 1], [1, 0, 0], [1, 1, 0], [1, 0, 0], [1, 0, 0], [0, 0, 1], [1, 1, 1], [1, 1, 0], [0, 0, 1], [0, 0, 0], [1, 0, 1], [0, 0, 0], [1, 0, 0], [0, 0, 0], [0, 0, 0], [0, 0, 0], [0, 0, 1], [0, 0, 0], [1, 0, 0], [0, 0, 1], [0, 0, 1], [0, 0, 1], [0, 0, 0], [0, 0, 1], [1, 1, 0], [0, 0, 1], [1, 1, 0], [1, 1, 0], [0, 0, 1], [0, 0, 1], [1, 0, 0], [0, 0, 1], [1, 1, 0], [0, 0, 1], [1, 0, 1], [1, 0, 1], [1, 1, 1], [1, 0, 1], [0, 0, 1], [0, 0, 0], [0, 0, 1], [0, 0, 0], [0, 0, 0], [0, 0, 0], [0, 0, 0], [0, 0, 0], [0, 0, 0], [0, 0, 1], [1, 1, 0], [0, 0, 1], [1, 1, 0], [1, 1, 0], [1, 0, 1], [1, 1, 0], [1, 0, 1], [0, 0, 1], [1, 1, 0], [1, 0, 0], [1, 1, 1], [1, 0, 1], [1, 0, 0], [1, 1, 1], [0, 0, 0], [0, 0, 1], [0, 0, 1], [0, 1, 1]]
Euclid	170	0.8291666666666667	71.73412561416626	[[0, 0, 0], [0, 0, 0], [0, 0, 1], [1, 0, 0], [1, 0, 0], [1, 0, 0], [0, 0, 0], [0, 0, 0], [0, 0, 0], [0, 0, 1], [0, 0, 0], [0, 1, 0], [0, 0, 0], [1, 1, 0], [0, 0, 1], [1, 0, 0], [1, 1, 0], [0, 0, 0], [0, 0, 0], [0, 0, 1], [0, 1, 1], [1, 1, 0], [0, 1, 1], [0, 1, 0], [0, 1, 1], [0, 0, 0], [0, 0, 0], [0, 0, 0], [0, 0, 0], [0, 0, 0], [0, 0, 1], [0, 0, 0], [0, 0, 0], [0, 0, 1], [0, 0, 1], [0, 0, 1], [0, 0, 1], [0, 0, 1], [0, 1, 0], [0, 0, 1], [0, 1, 0], [0, 1, 0], [0, 0, 1], [0, 0, 1], [0, 1, 1], [0, 0, 1], [0, 1, 0], [0, 1, 1], [1, 1, 0], [0, 0, 1], [0, 1, 1], [0, 1, 1], [0, 0, 1], [0, 0, 0], [0, 0, 1], [0, 0, 0], [0, 0, 0], [0, 0, 0], [0, 0, 0], [0, 0, 0], [0, 0, 0], [0, 0, 1], [0, 1, 0], [0, 0, 1], [1, 0, 0], [0, 0, 0], [0, 0, 0], [1, 0, 0], [0, 0, 1], [0, 0, 1], [1, 0, 1], [0, 0, 1], [0, 0, 1], [1, 1, 0], [1, 0, 1], [0, 1, 1], [0, 1, 0], [0, 1, 1], [0, 1, 1], [0, 1, 0]]	[[0, 0, 0], [0, 0, 0], [0, 0, 1], [1, 0, 0], [1, 0, 0], [1, 0, 0], [0, 0, 0], [0, 0, 0], [0, 0, 0], [0, 0, 1], [0, 0, 0], [1, 1, 0], [0, 0, 0], [1, 1, 0], [1, 0, 1], [1, 0, 0], [1, 1, 0], [1, 0, 0], [0, 0, 0], [0, 0, 1], [1, 1, 1], [1, 1, 0], [0, 0, 1], [0, 1, 0], [1, 0, 1], [0, 0, 0], [1, 0, 0], [0, 0, 0], [0, 0, 0], [0, 0, 0], [0, 0, 1], [0, 0, 0], [1, 0, 0], [0, 0, 1], [0, 0, 1], [0, 0, 1], [0, 0, 0], [0, 0, 1], [1, 1, 0], [0, 0, 1], [1, 1, 0], [1, 1, 0], [0, 0, 1], [0, 0, 1], [1, 1, 1], [0, 1, 1], [0, 1, 0], [0, 1, 1], [1, 0, 1], [0, 1, 1], [1, 1, 1], [1, 1, 1], [0, 0, 1], [0, 0, 0], [0, 0, 1], [0, 0, 0], [0, 0, 0], [0, 0, 0], [0, 0, 0], [0, 0, 0], [0, 0, 0], [0, 0, 1], [1, 1, 0], [0, 0, 1], [1, 0, 0], [1, 1, 0], [1, 0, 1], [1, 0, 0], [1, 0, 1], [0, 0, 1], [1, 0, 0], [0, 0, 0], [1, 1, 1], [1, 0, 1], [0, 0, 0], [1, 0, 0], [0, 0, 0], [0, 0, 1], [0, 0, 1], [0, 1, 1]]
Euclid	180	0.8416666666666667	69.3866720199585	[[0, 0, 0], [0, 0, 0], [0, 0, 1], [1, 0, 0], [1, 0, 0], [1, 0, 0], [0, 0, 0], [0, 0, 0], [0, 0, 0], [0, 0, 1], [0, 0, 0], [0, 1, 0], [0, 0, 0], [1, 1, 0], [0, 0, 1], [1, 0, 0], [1, 1, 0], [0, 0, 0], [0, 0, 0], [0, 0, 1], [0, 1, 1], [1, 1, 0], [0, 1, 1], [0, 1, 0], [0, 1, 1], [0, 0, 0], [0, 0, 0], [0, 0, 0], [0, 0, 0], [0, 0, 0], [0, 0, 1], [0, 0, 0], [0, 0, 0], [0, 0, 1], [0, 0, 1], [0, 0, 1], [0, 0, 1], [0, 0, 1], [0, 1, 0], [0, 0, 1], [0, 1, 0], [0, 1, 0], [0, 0, 1], [0, 0, 1], [0, 1, 1], [0, 0, 1], [0, 1, 0], [0, 1, 1], [1, 1, 0], [0, 0, 1], [0, 1, 1], [0, 1, 1], [0, 0, 1], [0, 0, 0], [0, 0, 1], [0, 0, 0], [0, 0, 0], [0, 0, 0], [0, 0, 0], [0, 0, 0], [0, 0, 0], [0, 0, 1], [0, 1, 0], [0, 0, 1], [1, 0, 0], [0, 0, 0], [0, 0, 0], [1, 0, 0], [0, 0, 1], [0, 0, 1], [1, 0, 1], [0, 0, 1], [0, 0, 1], [1, 1, 0], [1, 0, 1], [0, 1, 1], [0, 1, 0], [0, 1, 1], [0, 1, 1], [0, 1, 0]]	[[0, 0, 0], [0, 0, 0], [0, 0, 1], [1, 0, 0], [1, 0, 0], [1, 0, 0], [0, 0, 0], [0, 0, 0], [0, 0, 0], [0, 0, 1], [0, 0, 0], [1, 1, 0], [0, 0, 0], [1, 1, 0], [1, 0, 1], [1, 0, 0], [1, 1, 0], [0, 0, 0], [0, 0, 0], [0, 0, 1], [1, 1, 1], [1, 1, 0], [0, 0, 1], [0, 0, 0], [1, 0, 1], [0, 0, 0], [1, 0, 0], [0, 0, 0], [0, 0, 0], [0, 0, 0], [0, 0, 1], [0, 0, 0], [1, 0, 0], [0, 0, 1], [0, 0, 1], [0, 0, 1], [0, 0, 0], [0, 0, 1], [1, 1, 0], [0, 0, 1], [1, 1, 0], [1, 1, 0], [0, 0, 1], [0, 0, 1], [1, 1, 1], [0, 1, 1], [0, 1, 0], [0, 1, 1], [1, 1, 1], [0, 1, 1], [1, 1, 0], [1, 1, 1], [0, 0, 1], [0, 0, 0], [0, 0, 1], [0, 0, 0], [0, 0, 0], [0, 0, 0], [0, 0, 0], [0, 0, 0], [0, 0, 0], [0, 0, 1], [0, 1, 0], [0, 0, 1], [1, 0, 0], [1, 1, 0], [0, 0, 0], [1, 0, 0], [1, 0, 1], [0, 0, 1], [1, 0, 0], [0, 0, 0], [1, 1, 1], [1, 0, 1], [0, 0, 0], [1, 0, 0], [0, 0, 0], [0, 0, 1], [0, 0, 1], [0, 1, 1]]
Euclid	190	0.825	68.48201394081116	[[0, 0, 0], [0, 0, 0], [0, 0, 1], [1, 0, 0], [1, 0, 0], [1, 0, 0], [0, 0, 0], [0, 0, 0], [0, 0, 0], [0, 0, 1], [0, 0, 0], [0, 1, 0], [0, 0, 0], [1, 1, 0], [0, 0, 1], [1, 0, 0], [1, 1, 0], [0, 0, 0], [0, 0, 0], [0, 0, 1], [0, 1, 1], [1, 1, 0], [0, 1, 1], [0, 1, 0], [0, 1, 1], [0, 0, 0], [0, 0, 0], [0, 0, 0], [0, 0, 0], [0, 0, 0], [0, 0, 1], [0, 0, 0], [0, 0, 0], [0, 0, 1], [0, 0, 1], [0, 0, 1], [0, 0, 1], [0, 0, 1], [0, 1, 0], [0, 0, 1], [0, 1, 0], [0, 1, 0], [0, 0, 1], [0, 0, 1], [0, 1, 1], [0, 0, 1], [0, 1, 0], [0, 1, 1], [1, 1, 0], [0, 0, 1], [0, 1, 1], [0, 1, 1], [0, 0, 1], [0, 0, 0], [0, 0, 1], [0, 0, 0], [0, 0, 0], [0, 0, 0], [0, 0, 0], [0, 0, 0], [0, 0, 0], [0, 0, 1], [0, 1, 0], [0, 0, 1], [1, 0, 0], [0, 0, 0], [0, 0, 0], [1, 0, 0], [0, 0, 1], [0, 0, 1], [1, 0, 1], [0, 0, 1], [0, 0, 1], [1, 1, 0], [1, 0, 1], [0, 1, 1], [0, 1, 0], [0, 1, 1], [0, 1, 1], [0, 1, 0]]	[[0, 0, 0], [0, 0, 0], [0, 0, 1], [1, 0, 0], [1, 0, 0], [1, 0, 0], [0, 0, 0], [0, 0, 0], [0, 0, 0], [0, 0, 1], [0, 0, 0], [0, 1, 0], [0, 0, 0], [0, 1, 0], [1, 0, 1], [1, 0, 0], [1, 1, 0], [0, 0, 0], [0, 0, 0], [0, 0, 1], [1, 1, 1], [1, 1, 0], [0, 0, 1], [0, 0, 0], [1, 0, 1], [0, 0, 0], [1, 1, 0], [0, 0, 0], [0, 0, 0], [0, 0, 0], [0, 0, 1], [0, 0, 0], [1, 0, 0], [0, 0, 1], [0, 0, 1], [0, 0, 1], [0, 0, 0], [0, 0, 1], [1, 1, 0], [0, 0, 1], [1, 1, 0], [1, 1, 0], [0, 0, 1], [0, 0, 1], [0, 1, 1], [0, 1, 1], [0, 1, 0], [0, 1, 1], [0, 1, 1], [0, 1, 1], [1, 1, 0], [1, 1, 1], [0, 1, 1], [0, 0, 0], [0, 0, 1], [0, 0, 0], [0, 0, 0], [0, 0, 0], [0, 0, 0], [0, 0, 0], [0, 0, 0], [0, 0, 1], [0, 1, 0], [0, 0, 1], [1, 0, 0], [1, 1, 0], [0, 0, 0], [1, 0, 0], [1, 0, 1], [0, 0, 1], [1, 0, 0], [0, 0, 0], [1, 1, 1], [1, 0, 1], [0, 0, 0], [1, 0, 0], [0, 0, 0], [0, 0, 0], [0, 0, 0], [0, 1, 1]]
Euclid	200	0.8	69.11787867546082	[[0, 0, 0], [0, 0, 0], [0, 0, 1], [1, 0, 0], [1, 0, 0], [1, 0, 0], [0, 0, 0], [0, 0, 0], [0, 0, 0], [0, 0, 1], [0, 0, 0], [0, 1, 0], [0, 0, 0], [1, 1, 0], [0, 0, 1], [1, 0, 0], [1, 1, 0], [0, 0, 0], [0, 0, 0], [0, 0, 1], [0, 1, 1], [1, 1, 0], [0, 1, 1], [0, 1, 0], [0, 1, 1], [0, 0, 0], [0, 0, 0], [0, 0, 0], [0, 0, 0], [0, 0, 0], [0, 0, 1], [0, 0, 0], [0, 0, 0], [0, 0, 1], [0, 0, 1], [0, 0, 1], [0, 0, 1], [0, 0, 1], [0, 1, 0], [0, 0, 1], [0, 1, 0], [0, 1, 0], [0, 0, 1], [0, 0, 1], [0, 1, 1], [0, 0, 1], [0, 1, 0], [0, 1, 1], [1, 1, 0], [0, 0, 1], [0, 1, 1], [0, 1, 1], [0, 0, 1], [0, 0, 0], [0, 0, 1], [0, 0, 0], [0, 0, 0], [0, 0, 0], [0, 0, 0], [0, 0, 0], [0, 0, 0], [0, 0, 1], [0, 1, 0], [0, 0, 1], [1, 0, 0], [0, 0, 0], [0, 0, 0], [1, 0, 0], [0, 0, 1], [0, 0, 1], [1, 0, 1], [0, 0, 1], [0, 0, 1], [1, 1, 0], [1, 0, 1], [0, 1, 1], [0, 1, 0], [0, 1, 1], [0, 1, 1], [0, 1, 0]]	[[0, 0, 0], [0, 0, 0], [0, 0, 1], [1, 0, 0], [1, 0, 0], [1, 0, 0], [0, 0, 0], [0, 0, 0], [0, 0, 0], [0, 0, 1], [0, 0, 0], [0, 1, 0], [0, 0, 0], [0, 1, 0], [1, 0, 1], [1, 0, 0], [0, 1, 0], [0, 0, 0], [0, 0, 0], [0, 0, 1], [1, 1, 1], [1, 1, 0], [0, 0, 1], [0, 0, 0], [1, 0, 1], [0, 0, 0], [0, 0, 0], [0, 0, 0], [0, 0, 0], [0, 0, 0], [0, 0, 1], [0, 0, 0], [1, 0, 0], [0, 0, 1], [0, 0, 0], [0, 0, 1], [0, 0, 0], [0, 0, 0], [1, 1, 0], [0, 0, 0], [1, 1, 0], [1, 1, 0], [0, 0, 1], [0, 0, 1], [0, 0, 1], [0, 0, 0], [0, 0, 1], [0, 0, 0], [0, 0, 0], [0, 0, 1], [1, 1, 0], [0, 0, 1], [0, 0, 1], [0, 0, 0], [0, 0, 1], [0, 0, 0], [0, 0, 0], [0, 0, 0], [0, 0, 0], [0, 0, 0], [0, 0, 0], [0, 0, 1], [0, 1, 0], [0, 0, 1], [1, 0, 0], [1, 1, 0], [0, 0, 0], [1, 0, 0], [1, 0, 0], [0, 0, 1], [1, 0, 0], [0, 0, 0], [1, 1, 1], [1, 0, 1], [1, 0, 0], [1, 0, 0], [0, 0, 0], [0, 0, 0], [0, 0, 0], [1, 1, 1]]
Euclid	210	0.7875	68.69345235824585	[[0, 0, 0], [0, 0, 0], [0, 0, 1], [1, 0, 0], [1, 0, 0], [1, 0, 0], [0, 0, 0], [0, 0, 0], [0, 0, 0], [0, 0, 1], [0, 0, 0], [0, 1, 0], [0, 0, 0], [1, 1, 0], [0, 0, 1], [1, 0, 0], [1, 1, 0], [0, 0, 0], [0, 0, 0], [0, 0, 1], [0, 1, 1], [1, 1, 0], [0, 1, 1], [0, 1, 0], [0, 1, 1], [0, 0, 0], [0, 0, 0], [0, 0, 0], [0, 0, 0], [0, 0, 0], [0, 0, 1], [0, 0, 0], [0, 0, 0], [0, 0, 1], [0, 0, 1], [0, 0, 1], [0, 0, 1], [0, 0, 1], [0, 1, 0], [0, 0, 1], [0, 1, 0], [0, 1, 0], [0, 0, 1], [0, 0, 1], [0, 1, 1], [0, 0, 1], [0, 1, 0], [0, 1, 1], [1, 1, 0], [0, 0, 1], [0, 1, 1], [0, 1, 1], [0, 0, 1], [0, 0, 0], [0, 0, 1], [0, 0, 0], [0, 0, 0], [0, 0, 0], [0, 0, 0], [0, 0, 0], [0, 0, 0], [0, 0, 1], [0, 1, 0], [0, 0, 1], [1, 0, 0], [0, 0, 0], [0, 0, 0], [1, 0, 0], [0, 0, 1], [0, 0, 1], [1, 0, 1], [0, 0, 1], [0, 0, 1], [1, 1, 0], [1, 0, 1], [0, 1, 1], [0, 1, 0], [0, 1, 1], [0, 1, 1], [0, 1, 0]]	[[0, 0, 0], [0, 0, 0], [0, 0, 1], [1, 0, 0], [1, 0, 0], [1, 0, 0], [0, 0, 0], [0, 0, 0], [0, 0, 0], [0, 0, 1], [0, 0, 0], [0, 1, 0], [0, 0, 0], [0, 1, 0], [1, 0, 1], [1, 0, 0], [0, 1, 0], [1, 0, 0], [0, 0, 0], [0, 0, 1], [0, 0, 1], [1, 0, 0], [0, 0, 1], [0, 0, 0], [1, 0, 1], [0, 0, 0], [0, 0, 0], [0, 0, 0], [0, 0, 0], [0, 0, 0], [0, 0, 1], [0, 0, 0], [0, 0, 0], [0, 0, 1], [0, 0, 0], [0, 0, 1], [0, 0, 0], [0, 0, 0], [1, 1, 0], [0, 0, 0], [1, 1, 0], [1, 1, 0], [0, 0, 1], [0, 0, 1], [0, 0, 1], [0, 0, 0], [0, 0, 1], [0, 0, 0], [0, 0, 0], [0, 0, 1], [0, 0, 0], [0, 0, 1], [0, 0, 1], [0, 0, 0], [0, 0, 1], [0, 0, 0], [0, 0, 0], [0, 0, 0], [0, 0, 0], [0, 0, 0], [0, 0, 0], [0, 0, 1], [0, 0, 0], [0, 0, 1], [1, 0, 0], [1, 1, 0], [0, 0, 0], [1, 1, 0], [1, 0, 0], [0, 0, 1], [1, 0, 0], [0, 0, 0], [0, 1, 0], [1, 0, 1], [0, 0, 0], [1, 0, 0], [0, 1, 1], [0, 0, 0], [0, 0, 0], [0, 1, 1]]
Euclid	220	0.7791666666666667	67.79241418838501	[[0, 0, 0], [0, 0, 0], [0, 0, 1], [1, 0, 0], [1, 0, 0], [1, 0, 0], [0, 0, 0], [0, 0, 0], [0, 0, 0], [0, 0, 1], [0, 0, 0], [0, 1, 0], [0, 0, 0], [1, 1, 0], [0, 0, 1], [1, 0, 0], [1, 1, 0], [0, 0, 0], [0, 0, 0], [0, 0, 1], [0, 1, 1], [1, 1, 0], [0, 1, 1], [0, 1, 0], [0, 1, 1], [0, 0, 0], [0, 0, 0], [0, 0, 0], [0, 0, 0], [0, 0, 0], [0, 0, 1], [0, 0, 0], [0, 0, 0], [0, 0, 1], [0, 0, 1], [0, 0, 1], [0, 0, 1], [0, 0, 1], [0, 1, 0], [0, 0, 1], [0, 1, 0], [0, 1, 0], [0, 0, 1], [0, 0, 1], [0, 1, 1], [0, 0, 1], [0, 1, 0], [0, 1, 1], [1, 1, 0], [0, 0, 1], [0, 1, 1], [0, 1, 1], [0, 0, 1], [0, 0, 0], [0, 0, 1], [0, 0, 0], [0, 0, 0], [0, 0, 0], [0, 0, 0], [0, 0, 0], [0, 0, 0], [0, 0, 1], [0, 1, 0], [0, 0, 1], [1, 0, 0], [0, 0, 0], [0, 0, 0], [1, 0, 0], [0, 0, 1], [0, 0, 1], [1, 0, 1], [0, 0, 1], [0, 0, 1], [1, 1, 0], [1, 0, 1], [0, 1, 1], [0, 1, 0], [0, 1, 1], [0, 1, 1], [0, 1, 0]]	[[0, 0, 0], [0, 0, 0], [0, 0, 1], [1, 0, 0], [1, 0, 0], [1, 0, 0], [0, 0, 0], [0, 0, 0], [0, 0, 0], [0, 0, 1], [0, 0, 0], [0, 1, 0], [0, 0, 0], [0, 1, 0], [1, 1, 1], [1, 0, 0], [0, 1, 0], [1, 0, 0], [0, 0, 0], [0, 0, 1], [0, 0, 1], [1, 0, 0], [0, 0, 1], [0, 0, 0], [1, 1, 1], [0, 0, 0], [0, 0, 0], [0, 0, 0], [0, 0, 0], [0, 0, 0], [0, 0, 1], [0, 0, 0], [0, 0, 0], [0, 0, 1], [0, 0, 0], [0, 0, 0], [0, 0, 0], [0, 0, 0], [1, 1, 0], [0, 0, 1], [1, 1, 0], [1, 1, 0], [0, 0, 0], [0, 0, 0], [0, 1, 0], [0, 0, 1], [1, 1, 0], [0, 0, 1], [1, 0, 1], [0, 1, 0], [1, 1, 0], [0, 1, 0], [0, 0, 0], [0, 0, 0], [0, 0, 1], [0, 0, 0], [0, 0, 0], [0, 0, 0], [0, 0, 0], [0, 0, 0], [0, 0, 0], [0, 0, 1], [0, 0, 0], [0, 0, 1], [1, 0, 0], [1, 1, 0], [0, 0, 0], [1, 0, 0], [1, 0, 0], [0, 0, 0], [1, 0, 0], [0, 0, 0], [1, 1, 0], [1, 0, 1], [0, 0, 0], [1, 0, 0], [0, 0, 0], [0, 0, 0], [0, 0, 1], [0, 1, 1]]
Euclid	230	0.8	66.33078360557556	[[0, 0, 0], [0, 0, 0], [0, 0, 1], [1, 0, 0], [1, 0, 0], [1, 0, 0], [0, 0, 0], [0, 0, 0], [0, 0, 0], [0, 0, 1], [0, 0, 0], [0, 1, 0], [0, 0, 0], [1, 1, 0], [0, 0, 1], [1, 0, 0], [1, 1, 0], [0, 0, 0], [0, 0, 0], [0, 0, 1], [0, 1, 1], [1, 1, 0], [0, 1, 1], [0, 1, 0], [0, 1, 1], [0, 0, 0], [0, 0, 0], [0, 0, 0], [0, 0, 0], [0, 0, 0], [0, 0, 1], [0, 0, 0], [0, 0, 0], [0, 0, 1], [0, 0, 1], [0, 0, 1], [0, 0, 1], [0, 0, 1], [0, 1, 0], [0, 0, 1], [0, 1, 0], [0, 1, 0], [0, 0, 1], [0, 0, 1], [0, 1, 1], [0, 0, 1], [0, 1, 0], [0, 1, 1], [1, 1, 0], [0, 0, 1], [0, 1, 1], [0, 1, 1], [0, 0, 1], [0, 0, 0], [0, 0, 1], [0, 0, 0], [0, 0, 0], [0, 0, 0], [0, 0, 0], [0, 0, 0], [0, 0, 0], [0, 0, 1], [0, 1, 0], [0, 0, 1], [1, 0, 0], [0, 0, 0], [0, 0, 0], [1, 0, 0], [0, 0, 1], [0, 0, 1], [1, 0, 1], [0, 0, 1], [0, 0, 1], [1, 1, 0], [1, 0, 1], [0, 1, 1], [0, 1, 0], [0, 1, 1], [0, 1, 1], [0, 1, 0]]	[[0, 0, 0], [0, 0, 0], [0, 0, 1], [1, 0, 0], [1, 0, 0], [1, 0, 0], [0, 0, 0], [0, 0, 0], [0, 0, 0], [0, 0, 1], [0, 0, 0], [0, 0, 0], [0, 0, 0], [0, 0, 0], [0, 0, 1], [1, 0, 0], [0, 1, 0], [1, 0, 0], [0, 0, 0], [0, 0, 0], [0, 0, 1], [1, 0, 0], [0, 0, 1], [0, 0, 0], [1, 1, 1], [0, 0, 0], [0, 0, 0], [0, 0, 0], [0, 0, 0], [0, 0, 0], [0, 0, 1], [0, 0, 0], [0, 0, 0], [0, 0, 1], [0, 0, 1], [0, 0, 1], [0, 0, 0], [0, 0, 1], [1, 1, 0], [0, 0, 1], [1, 1, 0], [1, 1, 0], [0, 0, 1], [0, 0, 1], [0, 1, 0], [0, 0, 1], [1, 1, 0], [0, 0, 1], [1, 0, 1], [0, 1, 0], [1, 1, 0], [0, 1, 0], [0, 0, 1], [0, 0, 0], [0, 0, 1], [0, 0, 0], [0, 0, 0], [0, 0, 0], [0, 0, 0], [0, 0, 0], [0, 0, 0], [0, 0, 1], [0, 0, 0], [0, 0, 1], [0, 0, 0], [1, 1, 0], [0, 0, 0], [1, 0, 0], [1, 0, 0], [0, 0, 0], [1, 0, 0], [0, 0, 0], [0, 1, 0], [1, 0, 1], [0, 0, 0], [1, 0, 0], [0, 0, 0], [0, 0, 0], [0, 0, 1], [0, 1, 1]]
Euclid	240	0.7791666666666667	65.48481678962708	[[0, 0, 0], [0, 0, 0], [0, 0, 1], [1, 0, 0], [1, 0, 0], [1, 0, 0], [0, 0, 0], [0, 0, 0], [0, 0, 0], [0, 0, 1], [0, 0, 0], [0, 1, 0], [0, 0, 0], [1, 1, 0], [0, 0, 1], [1, 0, 0], [1, 1, 0], [0, 0, 0], [0, 0, 0], [0, 0, 1], [0, 1, 1], [1, 1, 0], [0, 1, 1], [0, 1, 0], [0, 1, 1], [0, 0, 0], [0, 0, 0], [0, 0, 0], [0, 0, 0], [0, 0, 0], [0, 0, 1], [0, 0, 0], [0, 0, 0], [0, 0, 1], [0, 0, 1], [0, 0, 1], [0, 0, 1], [0, 0, 1], [0, 1, 0], [0, 0, 1], [0, 1, 0], [0, 1, 0], [0, 0, 1], [0, 0, 1], [0, 1, 1], [0, 0, 1], [0, 1, 0], [0, 1, 1], [1, 1, 0], [0, 0, 1], [0, 1, 1], [0, 1, 1], [0, 0, 1], [0, 0, 0], [0, 0, 1], [0, 0, 0], [0, 0, 0], [0, 0, 0], [0, 0, 0], [0, 0, 0], [0, 0, 0], [0, 0, 1], [0, 1, 0], [0, 0, 1], [1, 0, 0], [0, 0, 0], [0, 0, 0], [1, 0, 0], [0, 0, 1], [0, 0, 1], [1, 0, 1], [0, 0, 1], [0, 0, 1], [1, 1, 0], [1, 0, 1], [0, 1, 1], [0, 1, 0], [0, 1, 1], [0, 1, 1], [0, 1, 0]]	[[0, 0, 0], [0, 0, 0], [0, 0, 1], [1, 0, 0], [1, 0, 0], [1, 0, 0], [0, 0, 0], [0, 0, 0], [0, 0, 0], [0, 0, 1], [0, 0, 0], [0, 0, 0], [0, 0, 0], [0, 0, 0], [0, 0, 1], [1, 0, 0], [0, 0, 0], [1, 1, 0], [0, 0, 0], [0, 0, 1], [0, 0, 1], [1, 0, 0], [0, 0, 1], [0, 0, 0], [1, 1, 0], [0, 0, 0], [0, 0, 0], [0, 0, 0], [0, 0, 0], [0, 0, 0], [0, 0, 1], [0, 0, 0], [0, 0, 0], [0, 0, 1], [0, 0, 1], [0, 0, 1], [0, 0, 0], [0, 0, 1], [1, 1, 0], [0, 0, 1], [1, 0, 0], [1, 1, 0], [0, 0, 1], [0, 0, 1], [0, 1, 0], [0, 0, 1], [1, 1, 0], [0, 0, 1], [1, 0, 1], [0, 1, 0], [1, 0, 0], [0, 1, 1], [0, 0, 1], [0, 0, 0], [0, 0, 1], [0, 0, 0], [0, 0, 0], [0, 0, 0], [0, 0, 0], [0, 0, 0], [0, 0, 0], [0, 0, 1], [1, 0, 0], [0, 0, 1], [0, 0, 0], [1, 1, 0], [0, 0, 0], [1, 0, 0], [1, 0, 0], [0, 0, 0], [1, 0, 0], [0, 0, 0], [0, 1, 0], [0, 0, 1], [0, 0, 0], [1, 0, 0], [0, 0, 0], [0, 0, 1], [0, 0, 1], [1, 1, 1]]
Euclid	250	0.7583333333333333	64.53553628921509	[[0, 0, 0], [0, 0, 0], [0, 0, 1], [1, 0, 0], [1, 0, 0], [1, 0, 0], [0, 0, 0], [0, 0, 0], [0, 0, 0], [0, 0, 1], [0, 0, 0], [0, 1, 0], [0, 0, 0], [1, 1, 0], [0, 0, 1], [1, 0, 0], [1, 1, 0], [0, 0, 0], [0, 0, 0], [0, 0, 1], [0, 1, 1], [1, 1, 0], [0, 1, 1], [0, 1, 0], [0, 1, 1], [0, 0, 0], [0, 0, 0], [0, 0, 0], [0, 0, 0], [0, 0, 0], [0, 0, 1], [0, 0, 0], [0, 0, 0], [0, 0, 1], [0, 0, 1], [0, 0, 1], [0, 0, 1], [0, 0, 1], [0, 1, 0], [0, 0, 1], [0, 1, 0], [0, 1, 0], [0, 0, 1], [0, 0, 1], [0, 1, 1], [0, 0, 1], [0, 1, 0], [0, 1, 1], [1, 1, 0], [0, 0, 1], [0, 1, 1], [0, 1, 1], [0, 0, 1], [0, 0, 0], [0, 0, 1], [0, 0, 0], [0, 0, 0], [0, 0, 0], [0, 0, 0], [0, 0, 0], [0, 0, 0], [0, 0, 1], [0, 1, 0], [0, 0, 1], [1, 0, 0], [0, 0, 0], [0, 0, 0], [1, 0, 0], [0, 0, 1], [0, 0, 1], [1, 0, 1], [0, 0, 1], [0, 0, 1], [1, 1, 0], [1, 0, 1], [0, 1, 1], [0, 1, 0], [0, 1, 1], [0, 1, 1], [0, 1, 0]]	[[0, 0, 0], [0, 0, 0], [0, 0, 1], [1, 0, 0], [1, 0, 0], [1, 0, 0], [0, 0, 0], [0, 0, 0], [0, 0, 0], [0, 0, 1], [0, 0, 0], [0, 0, 0], [0, 0, 0], [0, 0, 0], [0, 0, 0], [1, 0, 0], [0, 0, 0], [1, 1, 0], [0, 0, 0], [0, 0, 1], [0, 0, 0], [1, 0, 0], [0, 0, 1], [0, 0, 0], [1, 1, 1], [0, 0, 0], [0, 0, 0], [0, 0, 0], [0, 0, 0], [0, 0, 0], [0, 0, 1], [0, 0, 0], [0, 0, 0], [0, 0, 1], [0, 0, 1], [0, 0, 1], [0, 0, 0], [0, 0, 1], [1, 0, 0], [0, 0, 1], [1, 0, 0], [1, 0, 0], [0, 0, 1], [0, 0, 1], [0, 1, 0], [0, 0, 1], [1, 0, 0], [0, 0, 1], [1, 0, 1], [0, 1, 0], [1, 0, 0], [0, 1, 0], [0, 0, 1], [0, 0, 0], [0, 0, 1], [0, 0, 0], [0, 0, 0], [0, 0, 0], [0, 0, 0], [0, 0, 0], [0, 0, 0], [0, 0, 1], [1, 0, 0], [0, 0, 1], [0, 0, 0], [1, 1, 0], [0, 0, 0], [0, 0, 0], [1, 0, 0], [0, 0, 0], [0, 0, 0], [0, 0, 0], [0, 1, 0], [0, 0, 1], [0, 0, 0], [1, 0, 0], [0, 0, 0], [0, 1, 1], [0, 1, 1], [1, 1, 1]]
deltaE	20	0.6041666666666666	2159.838077545166	[[0, 0, 0], [0, 0, 0], [0, 0, 1], [1, 0, 0], [1, 0, 0], [1, 0, 0], [0, 0, 0], [0, 0, 0], [0, 0, 0], [0, 0, 1], [0, 0, 0], [0, 1, 0], [0, 0, 0], [1, 1, 0], [0, 0, 1], [1, 0, 0], [1, 1, 0], [0, 0, 0], [0, 0, 0], [0, 0, 1], [0, 1, 1], [1, 1, 0], [0, 1, 1], [0, 1, 0], [0, 1, 1], [0, 0, 0], [0, 0, 0], [0, 0, 0], [0, 0, 0], [0, 0, 0], [0, 0, 1], [0, 0, 0], [0, 0, 0], [0, 0, 1], [0, 0, 1], [0, 0, 1], [0, 0, 1], [0, 0, 1], [0, 1, 0], [0, 0, 1], [0, 1, 0], [0, 1, 0], [0, 0, 1], [0, 0, 1], [0, 1, 1], [0, 0, 1], [0, 1, 0], [0, 1, 1], [1, 1, 0], [0, 0, 1], [0, 1, 1], [0, 1, 1], [0, 0, 1], [0, 0, 0], [0, 0, 1], [0, 0, 0], [0, 0, 0], [0, 0, 0], [0, 0, 0], [0, 0, 0], [0, 0, 0], [0, 0, 1], [0, 1, 0], [0, 0, 1], [1, 0, 0], [0, 0, 0], [0, 0, 0], [1, 0, 0], [0, 0, 1], [0, 0, 1], [1, 0, 1], [0, 0, 1], [0, 0, 1], [1, 1, 0], [1, 0, 1], [0, 1, 1], [0, 1, 0], [0, 1, 1], [0, 1, 1], [0, 1, 0]]	[[1, 1, 1], [0, 1, 0], [0, 0, 1], [1, 1, 0], [1, 1, 0], [1, 1, 0], [1, 0, 1], [1, 0, 1], [0, 1, 0], [0, 0, 1], [1, 1, 1], [1, 1, 0], [1, 1, 1], [1, 1, 1], [1, 1, 1], [1, 1, 1], [1, 1, 1], [1, 1, 1], [1, 1, 1], [0, 1, 1], [1, 1, 1], [1, 1, 1], [1, 0, 1], [1, 1, 1], [1, 1, 1], [0, 0, 1], [1, 0, 0], [0, 1, 1], [0, 0, 1], [0, 0, 0], [0, 0, 1], [0, 0, 0], [1, 0, 0], [0, 0, 1], [0, 1, 1], [0, 0, 1], [0, 1, 1], [0, 1, 1], [1, 1, 1], [0, 0, 1], [1, 1, 0], [1, 1, 1], [0, 0, 1], [0, 0, 1], [1, 1, 1], [1, 0, 1], [1, 1, 1], [1, 0, 1], [1, 1, 1], [1, 1, 1], [1, 1, 1], [1, 1, 1], [1, 1, 1], [0, 0, 0], [0, 0, 1], [0, 0, 0], [1, 0, 0], [0, 0, 0], [0, 0, 0], [0, 0, 0], [0, 0, 0], [0, 0, 1], [1, 1, 1], [1, 1, 1], [1, 1, 0], [1, 1, 1], [1, 0, 1], [1, 1, 1], [1, 1, 1], [0, 0, 1], [1, 1, 1], [1, 1, 1], [1, 1, 1], [1, 1, 1], [1, 1, 1], [1, 1, 1], [1, 1, 1], [1, 1, 1], [1, 1, 1], [1, 1, 1]]
deltaE	21	0.65	1867.659476518631	[[0, 0, 0], [0, 0, 0], [0, 0, 1], [1, 0, 0], [1, 0, 0], [1, 0, 0], [0, 0, 0], [0, 0, 0], [0, 0, 0], [0, 0, 1], [0, 0, 0], [0, 1, 0], [0, 0, 0], [1, 1, 0], [0, 0, 1], [1, 0, 0], [1, 1, 0], [0, 0, 0], [0, 0, 0], [0, 0, 1], [0, 1, 1], [1, 1, 0], [0, 1, 1], [0, 1, 0], [0, 1, 1], [0, 0, 0], [0, 0, 0], [0, 0, 0], [0, 0, 0], [0, 0, 0], [0, 0, 1], [0, 0, 0], [0, 0, 0], [0, 0, 1], [0, 0, 1], [0, 0, 1], [0, 0, 1], [0, 0, 1], [0, 1, 0], [0, 0, 1], [0, 1, 0], [0, 1, 0], [0, 0, 1], [0, 0, 1], [0, 1, 1], [0, 0, 1], [0, 1, 0], [0, 1, 1], [1, 1, 0], [0, 0, 1], [0, 1, 1], [0, 1, 1], [0, 0, 1], [0, 0, 0], [0, 0, 1], [0, 0, 0], [0, 0, 0], [0, 0, 0], [0, 0, 0], [0, 0, 0], [0, 0, 0], [0, 0, 1], [0, 1, 0], [0, 0, 1], [1, 0, 0], [0, 0, 0], [0, 0, 0], [1, 0, 0], [0, 0, 1], [0, 0, 1], [1, 0, 1], [0, 0, 1], [0, 0, 1], [1, 1, 0], [1, 0, 1], [0, 1, 1], [0, 1, 0], [0, 1, 1], [0, 1, 1], [0, 1, 0]]	[[1, 0, 1], [0, 1, 0], [0, 0, 1], [1, 1, 0], [1, 1, 0], [1, 1, 0], [1, 0, 1], [1, 0, 1], [0, 1, 0], [0, 0, 1], [1, 0, 1], [1, 1, 0], [1, 1, 1], [1, 1, 1], [1, 1, 1], [1, 1, 1], [1, 1, 0], [1, 1, 1], [1, 1, 1], [0, 1, 1], [1, 1, 1], [1, 1, 1], [1, 0, 1], [1, 1, 1], [1, 1, 1], [0, 0, 1], [1, 0, 0], [0, 1, 1], [0, 0, 1], [0, 0, 0], [0, 0, 1], [0, 0, 0], [1, 0, 0], [0, 0, 1], [0, 0, 1], [0, 0, 1], [0, 0, 1], [0, 1, 1], [1, 1, 0], [0, 0, 1], [1, 1, 0], [1, 1, 0], [0, 0, 1], [0, 0, 1], [1, 1, 1], [0, 0, 1], [1, 1, 1], [0, 0, 1], [1, 1, 1], [1, 1, 1], [1, 1, 1], [1, 1, 1], [1, 1, 1], [0, 0, 0], [0, 0, 1], [0, 0, 0], [1, 0, 0], [0, 0, 0], [0, 0, 0], [0, 0, 0], [0, 0, 0], [0, 0, 1], [1, 1, 1], [0, 0, 1], [1, 1, 0], [1, 1, 1], [1, 1, 1], [1, 1, 0], [1, 1, 1], [0, 0, 1], [1, 1, 1], [1, 1, 1], [1, 1, 1], [1, 1, 1], [1, 1, 1], [1, 1, 1], [1, 1, 1], [1, 1, 1], [1, 1, 1], [1, 1, 1]]
deltaE	22	0.6875	2082.6418437957764	[[0, 0, 0], [0, 0, 0], [0, 0, 1], [1, 0, 0], [1, 0, 0], [1, 0, 0], [0, 0, 0], [0, 0, 0], [0, 0, 0], [0, 0, 1], [0, 0, 0], [0, 1, 0], [0, 0, 0], [1, 1, 0], [0, 0, 1], [1, 0, 0], [1, 1, 0], [0, 0, 0], [0, 0, 0], [0, 0, 1], [0, 1, 1], [1, 1, 0], [0, 1, 1], [0, 1, 0], [0, 1, 1], [0, 0, 0], [0, 0, 0], [0, 0, 0], [0, 0, 0], [0, 0, 0], [0, 0, 1], [0, 0, 0], [0, 0, 0], [0, 0, 1], [0, 0, 1], [0, 0, 1], [0, 0, 1], [0, 0, 1], [0, 1, 0], [0, 0, 1], [0, 1, 0], [0, 1, 0], [0, 0, 1], [0, 0, 1], [0, 1, 1], [0, 0, 1], [0, 1, 0], [0, 1, 1], [1, 1, 0], [0, 0, 1], [0, 1, 1], [0, 1, 1], [0, 0, 1], [0, 0, 0], [0, 0, 1], [0, 0, 0], [0, 0, 0], [0, 0, 0], [0, 0, 0], [0, 0, 0], [0, 0, 0], [0, 0, 1], [0, 1, 0], [0, 0, 1], [1, 0, 0], [0, 0, 0], [0, 0, 0], [1, 0, 0], [0, 0, 1], [0, 0, 1], [1, 0, 1], [0, 0, 1], [0, 0, 1], [1, 1, 0], [1, 0, 1], [0, 1, 1], [0, 1, 0], [0, 1, 1], [0, 1, 1], [0, 1, 0]]	[[0, 0, 1], [0, 1, 0], [0, 0, 1], [1, 0, 0], [1, 0, 0], [1, 0, 0], [0, 0, 1], [0, 0, 1], [0, 1, 0], [0, 0, 1], [1, 0, 1], [1, 1, 0], [1, 0, 1], [1, 1, 0], [1, 1, 1], [1, 1, 1], [1, 1, 0], [1, 0, 0], [1, 0, 1], [0, 1, 1], [1, 1, 1], [1, 1, 1], [0, 0, 1], [1, 1, 0], [1, 1, 1], [0, 0, 1], [1, 0, 0], [0, 0, 1], [0, 0, 1], [0, 0, 1], [0, 0, 1], [1, 0, 0], [1, 0, 0], [0, 0, 1], [0, 0, 1], [0, 0, 1], [0, 0, 1], [0, 0, 1], [1, 1, 0], [0, 0, 1], [1, 1, 1], [1, 1, 0], [0, 0, 1], [0, 0, 1], [1, 1, 1], [0, 0, 1], [1, 1, 1], [0, 0, 1], [1, 1, 1], [1, 1, 1], [1, 1, 1], [1, 1, 1], [1, 1, 1], [0, 0, 1], [0, 0, 1], [0, 0, 1], [1, 0, 0], [0, 0, 0], [0, 0, 0], [0, 0, 0], [0, 0, 0], [0, 0, 1], [1, 1, 0], [0, 1, 1], [1, 1, 0], [1, 1, 1], [1, 1, 1], [1, 1, 0], [1, 1, 1], [1, 0, 1], [1, 1, 1], [1, 1, 1], [1, 1, 1], [1, 1, 1], [1, 1, 1], [1, 1, 1], [1, 1, 1], [1, 1, 1], [1, 1, 1], [1, 1, 1]]
deltaE	23	0.7041666666666667	2088.9925179481506	[[0, 0, 0], [0, 0, 0], [0, 0, 1], [1, 0, 0], [1, 0, 0], [1, 0, 0], [0, 0, 0], [0, 0, 0], [0, 0, 0], [0, 0, 1], [0, 0, 0], [0, 1, 0], [0, 0, 0], [1, 1, 0], [0, 0, 1], [1, 0, 0], [1, 1, 0], [0, 0, 0], [0, 0, 0], [0, 0, 1], [0, 1, 1], [1, 1, 0], [0, 1, 1], [0, 1, 0], [0, 1, 1], [0, 0, 0], [0, 0, 0], [0, 0, 0], [0, 0, 0], [0, 0, 0], [0, 0, 1], [0, 0, 0], [0, 0, 0], [0, 0, 1], [0, 0, 1], [0, 0, 1], [0, 0, 1], [0, 0, 1], [0, 1, 0], [0, 0, 1], [0, 1, 0], [0, 1, 0], [0, 0, 1], [0, 0, 1], [0, 1, 1], [0, 0, 1], [0, 1, 0], [0, 1, 1], [1, 1, 0], [0, 0, 1], [0, 1, 1], [0, 1, 1], [0, 0, 1], [0, 0, 0], [0, 0, 1], [0, 0, 0], [0, 0, 0], [0, 0, 0], [0, 0, 0], [0, 0, 0], [0, 0, 0], [0, 0, 1], [0, 1, 0], [0, 0, 1], [1, 0, 0], [0, 0, 0], [0, 0, 0], [1, 0, 0], [0, 0, 1], [0, 0, 1], [1, 0, 1], [0, 0, 1], [0, 0, 1], [1, 1, 0], [1, 0, 1], [0, 1, 1], [0, 1, 0], [0, 1, 1], [0, 1, 1], [0, 1, 0]]	[[0, 0, 0], [0, 1, 0], [0, 0, 1], [1, 0, 0], [1, 0, 0], [1, 0, 0], [0, 0, 0], [0, 0, 0], [0, 1, 0], [0, 0, 1], [1, 0, 1], [1, 1, 1], [1, 1, 1], [1, 1, 0], [1, 1, 1], [1, 1, 0], [1, 1, 0], [1, 0, 0], [1, 0, 0], [0, 1, 1], [1, 1, 1], [1, 1, 1], [0, 1, 1], [1, 1, 1], [1, 1, 1], [0, 0, 1], [1, 0, 0], [0, 0, 1], [0, 0, 1], [0, 0, 1], [0, 0, 1], [1, 0, 0], [1, 0, 0], [0, 0, 1], [0, 0, 1], [0, 0, 1], [0, 0, 1], [0, 0, 1], [1, 1, 0], [0, 1, 1], [1, 1, 0], [1, 1, 0], [0, 0, 1], [0, 0, 1], [1, 1, 1], [0, 0, 1], [1, 1, 1], [0, 0, 1], [1, 1, 1], [1, 1, 1], [1, 1, 1], [1, 1, 1], [1, 1, 1], [0, 0, 1], [0, 0, 1], [0, 0, 1], [1, 0, 0], [0, 0, 0], [0, 0, 0], [0, 0, 0], [0, 0, 0], [0, 0, 1], [1, 1, 0], [0, 0, 1], [1, 1, 0], [1, 1, 1], [1, 1, 1], [1, 1, 0], [1, 1, 1], [1, 0, 1], [1, 1, 1], [1, 1, 1], [1, 1, 1], [1, 1, 1], [1, 1, 1], [1, 1, 1], [1, 1, 1], [1, 1, 1], [1, 1, 1], [1, 1, 1]]
deltaE	24	0.6958333333333333	1997.3101425170898	[[0, 0, 0], [0, 0, 0], [0, 0, 1], [1, 0, 0], [1, 0, 0], [1, 0, 0], [0, 0, 0], [0, 0, 0], [0, 0, 0], [0, 0, 1], [0, 0, 0], [0, 1, 0], [0, 0, 0], [1, 1, 0], [0, 0, 1], [1, 0, 0], [1, 1, 0], [0, 0, 0], [0, 0, 0], [0, 0, 1], [0, 1, 1], [1, 1, 0], [0, 1, 1], [0, 1, 0], [0, 1, 1], [0, 0, 0], [0, 0, 0], [0, 0, 0], [0, 0, 0], [0, 0, 0], [0, 0, 1], [0, 0, 0], [0, 0, 0], [0, 0, 1], [0, 0, 1], [0, 0, 1], [0, 0, 1], [0, 0, 1], [0, 1, 0], [0, 0, 1], [0, 1, 0], [0, 1, 0], [0, 0, 1], [0, 0, 1], [0, 1, 1], [0, 0, 1], [0, 1, 0], [0, 1, 1], [1, 1, 0], [0, 0, 1], [0, 1, 1], [0, 1, 1], [0, 0, 1], [0, 0, 0], [0, 0, 1], [0, 0, 0], [0, 0, 0], [0, 0, 0], [0, 0, 0], [0, 0, 0], [0, 0, 0], [0, 0, 1], [0, 1, 0], [0, 0, 1], [1, 0, 0], [0, 0, 0], [0, 0, 0], [1, 0, 0], [0, 0, 1], [0, 0, 1], [1, 0, 1], [0, 0, 1], [0, 0, 1], [1, 1, 0], [1, 0, 1], [0, 1, 1], [0, 1, 0], [0, 1, 1], [0, 1, 1], [0, 1, 0]]	[[0, 0, 0], [0, 0, 0], [0, 0, 1], [1, 0, 0], [1, 0, 0], [1, 0, 0], [0, 0, 0], [0, 0, 0], [0, 0, 0], [0, 0, 1], [1, 1, 1], [1, 1, 0], [1, 1, 1], [1, 1, 0], [1, 1, 1], [1, 1, 1], [1, 1, 0], [1, 0, 0], [1, 0, 0], [0, 1, 1], [1, 1, 1], [1, 1, 0], [0, 0, 1], [1, 0, 0], [1, 1, 1], [0, 0, 1], [1, 0, 0], [1, 0, 0], [0, 0, 1], [1, 0, 0], [0, 0, 1], [1, 0, 0], [1, 0, 0], [0, 0, 1], [0, 1, 1], [0, 0, 1], [0, 0, 1], [0, 0, 1], [1, 1, 0], [0, 0, 1], [1, 1, 1], [1, 1, 0], [0, 0, 1], [0, 0, 1], [1, 1, 1], [0, 0, 1], [1, 1, 1], [0, 0, 1], [1, 0, 1], [1, 1, 1], [1, 1, 1], [1, 1, 1], [1, 1, 1], [0, 0, 1], [0, 0, 1], [0, 0, 1], [0, 1, 0], [0, 0, 0], [0, 0, 0], [0, 0, 0], [0, 0, 0], [0, 0, 1], [1, 0, 0], [0, 1, 1], [1, 1, 0], [1, 1, 1], [1, 0, 1], [1, 1, 0], [1, 1, 1], [1, 0, 1], [1, 1, 1], [1, 1, 1], [1, 1, 1], [1, 1, 1], [1, 1, 1], [1, 1, 1], [1, 1, 1], [1, 1, 1], [1, 1, 1], [1, 1, 1]]
deltaE	25	0.7458333333333333	2542.695012331009	[[0, 0, 0], [0, 0, 0], [0, 0, 1], [1, 0, 0], [1, 0, 0], [1, 0, 0], [0, 0, 0], [0, 0, 0], [0, 0, 0], [0, 0, 1], [0, 0, 0], [0, 1, 0], [0, 0, 0], [1, 1, 0], [0, 0, 1], [1, 0, 0], [1, 1, 0], [0, 0, 0], [0, 0, 0], [0, 0, 1], [0, 1, 1], [1, 1, 0], [0, 1, 1], [0, 1, 0], [0, 1, 1], [0, 0, 0], [0, 0, 0], [0, 0, 0], [0, 0, 0], [0, 0, 0], [0, 0, 1], [0, 0, 0], [0, 0, 0], [0, 0, 1], [0, 0, 1], [0, 0, 1], [0, 0, 1], [0, 0, 1], [0, 1, 0], [0, 0, 1], [0, 1, 0], [0, 1, 0], [0, 0, 1], [0, 0, 1], [0, 1, 1], [0, 0, 1], [0, 1, 0], [0, 1, 1], [1, 1, 0], [0, 0, 1], [0, 1, 1], [0, 1, 1], [0, 0, 1], [0, 0, 0], [0, 0, 1], [0, 0, 0], [0, 0, 0], [0, 0, 0], [0, 0, 0], [0, 0, 0], [0, 0, 0], [0, 0, 1], [0, 1, 0], [0, 0, 1], [1, 0, 0], [0, 0, 0], [0, 0, 0], [1, 0, 0], [0, 0, 1], [0, 0, 1], [1, 0, 1], [0, 0, 1], [0, 0, 1], [1, 1, 0], [1, 0, 1], [0, 1, 1], [0, 1, 0], [0, 1, 1], [0, 1, 1], [0, 1, 0]]	[[0, 0, 0], [0, 0, 0], [0, 0, 1], [1, 0, 0], [1, 0, 0], [1, 0, 0], [0, 0, 0], [0, 0, 0], [0, 0, 0], [0, 0, 1], [1, 0, 1], [1, 1, 0], [1, 0, 0], [1, 1, 0], [1, 1, 1], [1, 1, 0], [1, 1, 0], [1, 0, 0], [1, 0, 0], [0, 1, 1], [1, 1, 1], [1, 1, 0], [0, 1, 1], [1, 0, 0], [1, 1, 1], [0, 0, 1], [1, 0, 0], [0, 0, 0], [0, 0, 1], [0, 0, 0], [0, 0, 1], [0, 0, 0], [1, 0, 0], [0, 0, 1], [0, 0, 1], [0, 0, 1], [0, 0, 1], [0, 0, 1], [1, 1, 0], [0, 0, 1], [1, 1, 0], [1, 1, 0], [0, 0, 1], [0, 0, 1], [1, 1, 1], [0, 0, 1], [1, 1, 1], [0, 0, 1], [1, 1, 1], [1, 1, 1], [1, 1, 1], [1, 1, 1], [1, 1, 1], [0, 0, 1], [0, 0, 1], [0, 0, 1], [0, 0, 0], [0, 0, 0], [0, 0, 0], [0, 0, 0], [0, 0, 0], [0, 0, 1], [1, 1, 0], [0, 1, 1], [1, 1, 0], [1, 1, 1], [1, 1, 1], [1, 1, 0], [1, 1, 1], [1, 0, 1], [1, 1, 1], [1, 1, 1], [1, 1, 1], [1, 1, 1], [1, 1, 1], [1, 1, 1], [1, 1, 1], [1, 1, 1], [1, 1, 1], [1, 1, 1]]
deltaE	26	0.7583333333333333	4109.033455848694	[[0, 0, 0], [0, 0, 0], [0, 0, 1], [1, 0, 0], [1, 0, 0], [1, 0, 0], [0, 0, 0], [0, 0, 0], [0, 0, 0], [0, 0, 1], [0, 0, 0], [0, 1, 0], [0, 0, 0], [1, 1, 0], [0, 0, 1], [1, 0, 0], [1, 1, 0], [0, 0, 0], [0, 0, 0], [0, 0, 1], [0, 1, 1], [1, 1, 0], [0, 1, 1], [0, 1, 0], [0, 1, 1], [0, 0, 0], [0, 0, 0], [0, 0, 0], [0, 0, 0], [0, 0, 0], [0, 0, 1], [0, 0, 0], [0, 0, 0], [0, 0, 1], [0, 0, 1], [0, 0, 1], [0, 0, 1], [0, 0, 1], [0, 1, 0], [0, 0, 1], [0, 1, 0], [0, 1, 0], [0, 0, 1], [0, 0, 1], [0, 1, 1], [0, 0, 1], [0, 1, 0], [0, 1, 1], [1, 1, 0], [0, 0, 1], [0, 1, 1], [0, 1, 1], [0, 0, 1], [0, 0, 0], [0, 0, 1], [0, 0, 0], [0, 0, 0], [0, 0, 0], [0, 0, 0], [0, 0, 0], [0, 0, 0], [0, 0, 1], [0, 1, 0], [0, 0, 1], [1, 0, 0], [0, 0, 0], [0, 0, 0], [1, 0, 0], [0, 0, 1], [0, 0, 1], [1, 0, 1], [0, 0, 1], [0, 0, 1], [1, 1, 0], [1, 0, 1], [0, 1, 1], [0, 1, 0], [0, 1, 1], [0, 1, 1], [0, 1, 0]]	[[0, 0, 0], [0, 0, 0], [0, 0, 1], [1, 0, 0], [1, 0, 0], [1, 0, 0], [0, 0, 0], [0, 0, 0], [0, 0, 0], [0, 0, 1], [1, 0, 1], [1, 1, 0], [1, 0, 0], [1, 1, 0], [1, 1, 1], [1, 1, 0], [1, 1, 0], [1, 0, 0], [1, 0, 0], [0, 1, 1], [1, 1, 1], [1, 1, 0], [0, 0, 1], [1, 0, 0], [1, 1, 1], [0, 0, 0], [1, 0, 0], [0, 0, 0], [0, 0, 0], [0, 0, 0], [0, 0, 1], [0, 0, 0], [1, 0, 0], [0, 0, 1], [0, 0, 1], [0, 0, 1], [0, 0, 1], [0, 0, 1], [1, 1, 0], [0, 0, 1], [1, 1, 0], [1, 1, 0], [0, 0, 1], [0, 0, 1], [1, 1, 1], [0, 0, 1], [1, 1, 1], [0, 0, 1], [1, 1, 1], [1, 1, 1], [1, 1, 1], [1, 1, 1], [1, 1, 1], [0, 0, 1], [0, 0, 1], [0, 0, 1], [0, 0, 0], [0, 0, 0], [0, 0, 0], [0, 0, 0], [0, 0, 0], [0, 0, 1], [1, 1, 0], [0, 0, 1], [1, 1, 0], [1, 1, 1], [1, 1, 1], [1, 1, 0], [1, 1, 1], [0, 0, 1], [1, 1, 1], [1, 1, 1], [1, 1, 1], [1, 1, 1], [1, 1, 1], [1, 1, 1], [1, 1, 1], [1, 1, 1], [1, 1, 1], [1, 1, 1]]
deltaE	27	0.7791666666666667	2935.311720609665	[[0, 0, 0], [0, 0, 0], [0, 0, 1], [1, 0, 0], [1, 0, 0], [1, 0, 0], [0, 0, 0], [0, 0, 0], [0, 0, 0], [0, 0, 1], [0, 0, 0], [0, 1, 0], [0, 0, 0], [1, 1, 0], [0, 0, 1], [1, 0, 0], [1, 1, 0], [0, 0, 0], [0, 0, 0], [0, 0, 1], [0, 1, 1], [1, 1, 0], [0, 1, 1], [0, 1, 0], [0, 1, 1], [0, 0, 0], [0, 0, 0], [0, 0, 0], [0, 0, 0], [0, 0, 0], [0, 0, 1], [0, 0, 0], [0, 0, 0], [0, 0, 1], [0, 0, 1], [0, 0, 1], [0, 0, 1], [0, 0, 1], [0, 1, 0], [0, 0, 1], [0, 1, 0], [0, 1, 0], [0, 0, 1], [0, 0, 1], [0, 1, 1], [0, 0, 1], [0, 1, 0], [0, 1, 1], [1, 1, 0], [0, 0, 1], [0, 1, 1], [0, 1, 1], [0, 0, 1], [0, 0, 0], [0, 0, 1], [0, 0, 0], [0, 0, 0], [0, 0, 0], [0, 0, 0], [0, 0, 0], [0, 0, 0], [0, 0, 1], [0, 1, 0], [0, 0, 1], [1, 0, 0], [0, 0, 0], [0, 0, 0], [1, 0, 0], [0, 0, 1], [0, 0, 1], [1, 0, 1], [0, 0, 1], [0, 0, 1], [1, 1, 0], [1, 0, 1], [0, 1, 1], [0, 1, 0], [0, 1, 1], [0, 1, 1], [0, 1, 0]]	[[0, 0, 0], [0, 0, 0], [0, 0, 1], [1, 0, 0], [1, 0, 0], [1, 0, 0], [0, 0, 0], [0, 0, 0], [0, 0, 0], [0, 0, 1], [1, 0, 1], [1, 1, 0], [1, 0, 0], [1, 1, 0], [1, 1, 1], [1, 0, 0], [1, 1, 0], [1, 0, 0], [1, 0, 0], [0, 1, 1], [1, 1, 1], [1, 1, 0], [0, 0, 1], [0, 0, 0], [1, 1, 1], [0, 0, 0], [1, 0, 0], [0, 0, 0], [0, 0, 0], [0, 0, 0], [0, 0, 1], [0, 0, 0], [1, 0, 0], [0, 0, 1], [0, 0, 1], [0, 0, 1], [0, 0, 1], [0, 0, 1], [1, 1, 0], [0, 0, 1], [1, 1, 0], [1, 1, 0], [0, 0, 1], [0, 0, 1], [1, 1, 1], [0, 0, 1], [1, 1, 1], [0, 0, 1], [1, 1, 1], [1, 1, 1], [1, 1, 1], [1, 1, 1], [1, 1, 1], [0, 0, 0], [0, 0, 1], [0, 0, 0], [0, 0, 0], [0, 0, 0], [0, 0, 0], [0, 0, 0], [0, 0, 0], [0, 0, 1], [1, 1, 0], [0, 0, 1], [1, 1, 0], [1, 1, 0], [1, 1, 1], [1, 1, 0], [1, 1, 1], [0, 0, 1], [1, 1, 1], [1, 1, 1], [1, 1, 1], [1, 1, 1], [1, 1, 1], [1, 1, 1], [1, 1, 1], [1, 1, 1], [1, 1, 1], [1, 1, 1]]
deltaE	28	0.7583333333333333	1387.9560885429382	[[0, 0, 0], [0, 0, 0], [0, 0, 1], [1, 0, 0], [1, 0, 0], [1, 0, 0], [0, 0, 0], [0, 0, 0], [0, 0, 0], [0, 0, 1], [0, 0, 0], [0, 1, 0], [0, 0, 0], [1, 1, 0], [0, 0, 1], [1, 0, 0], [1, 1, 0], [0, 0, 0], [0, 0, 0], [0, 0, 1], [0, 1, 1], [1, 1, 0], [0, 1, 1], [0, 1, 0], [0, 1, 1], [0, 0, 0], [0, 0, 0], [0, 0, 0], [0, 0, 0], [0, 0, 0], [0, 0, 1], [0, 0, 0], [0, 0, 0], [0, 0, 1], [0, 0, 1], [0, 0, 1], [0, 0, 1], [0, 0, 1], [0, 1, 0], [0, 0, 1], [0, 1, 0], [0, 1, 0], [0, 0, 1], [0, 0, 1], [0, 1, 1], [0, 0, 1], [0, 1, 0], [0, 1, 1], [1, 1, 0], [0, 0, 1], [0, 1, 1], [0, 1, 1], [0, 0, 1], [0, 0, 0], [0, 0, 1], [0, 0, 0], [0, 0, 0], [0, 0, 0], [0, 0, 0], [0, 0, 0], [0, 0, 0], [0, 0, 1], [0, 1, 0], [0, 0, 1], [1, 0, 0], [0, 0, 0], [0, 0, 0], [1, 0, 0], [0, 0, 1], [0, 0, 1], [1, 0, 1], [0, 0, 1], [0, 0, 1], [1, 1, 0], [1, 0, 1], [0, 1, 1], [0, 1, 0], [0, 1, 1], [0, 1, 1], [0, 1, 0]]	[[0, 0, 0], [0, 0, 0], [0, 0, 1], [1, 0, 0], [1, 0, 0], [1, 0, 0], [0, 0, 0], [0, 0, 0], [0, 0, 0], [0, 0, 1], [1, 0, 1], [1, 1, 0], [1, 0, 0], [1, 1, 0], [1, 1, 1], [1, 0, 0], [1, 1, 0], [1, 0, 0], [1, 0, 0], [0, 1, 1], [1, 1, 1], [1, 1, 0], [0, 0, 1], [1, 0, 0], [1, 1, 1], [0, 0, 0], [1, 0, 0], [0, 0, 0], [0, 0, 0], [0, 0, 0], [0, 0, 1], [0, 0, 0], [1, 0, 0], [0, 0, 1], [0, 0, 1], [0, 0, 1], [0, 1, 1], [0, 0, 1], [1, 1, 0], [0, 0, 1], [1, 1, 0], [1, 1, 0], [0, 0, 1], [0, 0, 1], [1, 1, 1], [0, 0, 1], [1, 1, 1], [1, 0, 1], [1, 1, 1], [1, 1, 1], [1, 1, 1], [1, 1, 1], [1, 1, 1], [0, 0, 0], [0, 0, 1], [0, 0, 0], [0, 0, 0], [0, 0, 0], [0, 0, 0], [0, 0, 0], [0, 0, 0], [0, 0, 1], [1, 1, 0], [0, 1, 1], [1, 1, 0], [1, 1, 1], [1, 1, 1], [1, 1, 0], [1, 1, 1], [0, 0, 1], [1, 1, 1], [1, 1, 1], [1, 1, 1], [1, 1, 1], [1, 1, 1], [1, 1, 1], [1, 1, 1], [1, 1, 1], [1, 1, 1], [1, 1, 1]]
deltaE	29	0.7666666666666667	1295.9846420288086	[[0, 0, 0], [0, 0, 0], [0, 0, 1], [1, 0, 0], [1, 0, 0], [1, 0, 0], [0, 0, 0], [0, 0, 0], [0, 0, 0], [0, 0, 1], [0, 0, 0], [0, 1, 0], [0, 0, 0], [1, 1, 0], [0, 0, 1], [1, 0, 0], [1, 1, 0], [0, 0, 0], [0, 0, 0], [0, 0, 1], [0, 1, 1], [1, 1, 0], [0, 1, 1], [0, 1, 0], [0, 1, 1], [0, 0, 0], [0, 0, 0], [0, 0, 0], [0, 0, 0], [0, 0, 0], [0, 0, 1], [0, 0, 0], [0, 0, 0], [0, 0, 1], [0, 0, 1], [0, 0, 1], [0, 0, 1], [0, 0, 1], [0, 1, 0], [0, 0, 1], [0, 1, 0], [0, 1, 0], [0, 0, 1], [0, 0, 1], [0, 1, 1], [0, 0, 1], [0, 1, 0], [0, 1, 1], [1, 1, 0], [0, 0, 1], [0, 1, 1], [0, 1, 1], [0, 0, 1], [0, 0, 0], [0, 0, 1], [0, 0, 0], [0, 0, 0], [0, 0, 0], [0, 0, 0], [0, 0, 0], [0, 0, 0], [0, 0, 1], [0, 1, 0], [0, 0, 1], [1, 0, 0], [0, 0, 0], [0, 0, 0], [1, 0, 0], [0, 0, 1], [0, 0, 1], [1, 0, 1], [0, 0, 1], [0, 0, 1], [1, 1, 0], [1, 0, 1], [0, 1, 1], [0, 1, 0], [0, 1, 1], [0, 1, 1], [0, 1, 0]]	[[0, 0, 0], [0, 0, 0], [0, 0, 1], [1, 0, 0], [1, 0, 0], [1, 0, 0], [0, 0, 0], [0, 0, 0], [0, 0, 0], [0, 0, 1], [1, 0, 1], [1, 1, 0], [1, 0, 0], [1, 1, 0], [1, 1, 1], [1, 0, 0], [1, 1, 0], [1, 0, 0], [1, 0, 0], [0, 1, 1], [1, 1, 1], [1, 1, 0], [0, 0, 1], [1, 1, 1], [1, 1, 1], [0, 0, 0], [1, 0, 0], [0, 0, 0], [0, 0, 0], [0, 0, 0], [0, 0, 1], [0, 0, 0], [1, 0, 0], [0, 0, 1], [0, 0, 1], [0, 0, 1], [0, 0, 0], [0, 0, 1], [1, 1, 1], [0, 0, 1], [1, 1, 0], [1, 1, 0], [0, 0, 1], [0, 0, 1], [1, 1, 1], [0, 0, 1], [1, 1, 0], [0, 0, 1], [1, 1, 0], [1, 1, 1], [1, 1, 0], [1, 1, 1], [1, 1, 0], [0, 0, 0], [0, 0, 1], [0, 0, 0], [0, 0, 0], [0, 0, 0], [0, 0, 0], [0, 0, 0], [0, 0, 0], [0, 0, 1], [1, 1, 0], [0, 0, 1], [1, 0, 0], [1, 1, 0], [1, 1, 1], [1, 1, 0], [1, 1, 1], [0, 0, 1], [1, 1, 1], [1, 1, 1], [1, 1, 1], [1, 0, 1], [1, 1, 1], [1, 1, 1], [1, 1, 1], [1, 1, 1], [1, 1, 1], [1, 1, 1]]
deltaE	30	0.7541666666666667	1201.655166387558	[[0, 0, 0], [0, 0, 0], [0, 0, 1], [1, 0, 0], [1, 0, 0], [1, 0, 0], [0, 0, 0], [0, 0, 0], [0, 0, 0], [0, 0, 1], [0, 0, 0], [0, 1, 0], [0, 0, 0], [1, 1, 0], [0, 0, 1], [1, 0, 0], [1, 1, 0], [0, 0, 0], [0, 0, 0], [0, 0, 1], [0, 1, 1], [1, 1, 0], [0, 1, 1], [0, 1, 0], [0, 1, 1], [0, 0, 0], [0, 0, 0], [0, 0, 0], [0, 0, 0], [0, 0, 0], [0, 0, 1], [0, 0, 0], [0, 0, 0], [0, 0, 1], [0, 0, 1], [0, 0, 1], [0, 0, 1], [0, 0, 1], [0, 1, 0], [0, 0, 1], [0, 1, 0], [0, 1, 0], [0, 0, 1], [0, 0, 1], [0, 1, 1], [0, 0, 1], [0, 1, 0], [0, 1, 1], [1, 1, 0], [0, 0, 1], [0, 1, 1], [0, 1, 1], [0, 0, 1], [0, 0, 0], [0, 0, 1], [0, 0, 0], [0, 0, 0], [0, 0, 0], [0, 0, 0], [0, 0, 0], [0, 0, 0], [0, 0, 1], [0, 1, 0], [0, 0, 1], [1, 0, 0], [0, 0, 0], [0, 0, 0], [1, 0, 0], [0, 0, 1], [0, 0, 1], [1, 0, 1], [0, 0, 1], [0, 0, 1], [1, 1, 0], [1, 0, 1], [0, 1, 1], [0, 1, 0], [0, 1, 1], [0, 1, 1], [0, 1, 0]]	[[0, 0, 0], [0, 0, 0], [0, 0, 1], [1, 0, 0], [1, 0, 0], [1, 0, 0], [0, 0, 0], [0, 0, 0], [0, 0, 0], [0, 0, 1], [1, 1, 1], [1, 1, 0], [1, 0, 0], [1, 1, 0], [1, 0, 1], [1, 1, 0], [1, 1, 0], [1, 1, 0], [1, 0, 0], [0, 1, 1], [1, 1, 1], [1, 1, 0], [0, 0, 1], [0, 0, 0], [1, 1, 1], [0, 0, 0], [1, 0, 0], [0, 0, 0], [0, 0, 0], [0, 0, 0], [0, 0, 1], [0, 0, 0], [1, 0, 0], [0, 0, 1], [0, 0, 1], [0, 0, 1], [0, 0, 0], [0, 0, 1], [1, 1, 1], [0, 0, 1], [1, 1, 0], [1, 1, 0], [0, 0, 1], [0, 0, 1], [1, 1, 0], [0, 0, 1], [1, 1, 1], [0, 0, 1], [1, 1, 0], [1, 1, 1], [1, 1, 1], [1, 1, 1], [0, 1, 0], [0, 0, 0], [0, 0, 1], [0, 0, 0], [0, 0, 0], [0, 0, 0], [0, 0, 0], [0, 0, 0], [0, 0, 0], [0, 0, 1], [1, 1, 0], [0, 0, 1], [1, 0, 0], [1, 1, 0], [1, 1, 1], [1, 1, 0], [1, 1, 1], [0, 0, 1], [1, 1, 0], [1, 1, 0], [1, 1, 1], [1, 0, 1], [1, 1, 1], [1, 1, 1], [1, 1, 1], [1, 1, 1], [1, 1, 1], [1, 1, 1]]
deltaE	31	0.6958333333333333	1142.7127289772034	[[0, 0, 0], [0, 0, 0], [0, 0, 1], [1, 0, 0], [1, 0, 0], [1, 0, 0], [0, 0, 0], [0, 0, 0], [0, 0, 0], [0, 0, 1], [0, 0, 0], [0, 1, 0], [0, 0, 0], [1, 1, 0], [0, 0, 1], [1, 0, 0], [1, 1, 0], [0, 0, 0], [0, 0, 0], [0, 0, 1], [0, 1, 1], [1, 1, 0], [0, 1, 1], [0, 1, 0], [0, 1, 1], [0, 0, 0], [0, 0, 0], [0, 0, 0], [0, 0, 0], [0, 0, 0], [0, 0, 1], [0, 0, 0], [0, 0, 0], [0, 0, 1], [0, 0, 1], [0, 0, 1], [0, 0, 1], [0, 0, 1], [0, 1, 0], [0, 0, 1], [0, 1, 0], [0, 1, 0], [0, 0, 1], [0, 0, 1], [0, 1, 1], [0, 0, 1], [0, 1, 0], [0, 1, 1], [1, 1, 0], [0, 0, 1], [0, 1, 1], [0, 1, 1], [0, 0, 1], [0, 0, 0], [0, 0, 1], [0, 0, 0], [0, 0, 0], [0, 0, 0], [0, 0, 0], [0, 0, 0], [0, 0, 0], [0, 0, 1], [0, 1, 0], [0, 0, 1], [1, 0, 0], [0, 0, 0], [0, 0, 0], [1, 0, 0], [0, 0, 1], [0, 0, 1], [1, 0, 1], [0, 0, 1], [0, 0, 1], [1, 1, 0], [1, 0, 1], [0, 1, 1], [0, 1, 0], [0, 1, 1], [0, 1, 1], [0, 1, 0]]	[[0, 0, 0], [0, 0, 0], [0, 0, 0], [1, 0, 0], [1, 0, 0], [1, 0, 0], [0, 0, 0], [0, 0, 0], [0, 0, 0], [0, 0, 0], [1, 0, 1], [1, 1, 0], [1, 0, 0], [1, 1, 0], [1, 1, 0], [1, 0, 0], [1, 1, 0], [1, 0, 0], [1, 0, 0], [1, 1, 1], [1, 1, 0], [1, 1, 0], [0, 0, 1], [0, 0, 0], [1, 1, 1], [0, 0, 0], [1, 0, 0], [0, 0, 0], [0, 0, 0], [0, 0, 0], [0, 0, 0], [0, 0, 0], [1, 0, 0], [0, 0, 0], [0, 0, 1], [0, 0, 0], [0, 0, 0], [0, 0, 1], [1, 1, 0], [0, 0, 1], [1, 1, 0], [1, 1, 0], [0, 0, 0], [0, 0, 0], [1, 1, 0], [0, 0, 1], [1, 1, 1], [0, 0, 1], [1, 1, 0], [1, 1, 0], [1, 1, 1], [1, 1, 0], [1, 1, 0], [0, 0, 0], [0, 0, 0], [0, 0, 0], [0, 0, 0], [0, 0, 0], [0, 0, 0], [0, 0, 0], [0, 0, 0], [0, 0, 0], [1, 1, 0], [0, 0, 1], [1, 0, 0], [1, 1, 0], [0, 0, 0], [1, 1, 0], [1, 1, 0], [0, 0, 0], [1, 1, 0], [1, 1, 0], [1, 1, 0], [1, 0, 1], [1, 1, 0], [1, 1, 0], [1, 1, 1], [1, 1, 1], [1, 1, 1], [1, 1, 1]]
deltaE	32	0.7333333333333333	1036.6853666305542	[[0, 0, 0], [0, 0, 0], [0, 0, 1], [1, 0, 0], [1, 0, 0], [1, 0, 0], [0, 0, 0], [0, 0, 0], [0, 0, 0], [0, 0, 1], [0, 0, 0], [0, 1, 0], [0, 0, 0], [1, 1, 0], [0, 0, 1], [1, 0, 0], [1, 1, 0], [0, 0, 0], [0, 0, 0], [0, 0, 1], [0, 1, 1], [1, 1, 0], [0, 1, 1], [0, 1, 0], [0, 1, 1], [0, 0, 0], [0, 0, 0], [0, 0, 0], [0, 0, 0], [0, 0, 0], [0, 0, 1], [0, 0, 0], [0, 0, 0], [0, 0, 1], [0, 0, 1], [0, 0, 1], [0, 0, 1], [0, 0, 1], [0, 1, 0], [0, 0, 1], [0, 1, 0], [0, 1, 0], [0, 0, 1], [0, 0, 1], [0, 1, 1], [0, 0, 1], [0, 1, 0], [0, 1, 1], [1, 1, 0], [0, 0, 1], [0, 1, 1], [0, 1, 1], [0, 0, 1], [0, 0, 0], [0, 0, 1], [0, 0, 0], [0, 0, 0], [0, 0, 0], [0, 0, 0], [0, 0, 0], [0, 0, 0], [0, 0, 1], [0, 1, 0], [0, 0, 1], [1, 0, 0], [0, 0, 0], [0, 0, 0], [1, 0, 0], [0, 0, 1], [0, 0, 1], [1, 0, 1], [0, 0, 1], [0, 0, 1], [1, 1, 0], [1, 0, 1], [0, 1, 1], [0, 1, 0], [0, 1, 1], [0, 1, 1], [0, 1, 0]]	[[0, 0, 0], [0, 0, 0], [0, 0, 0], [1, 0, 0], [1, 0, 0], [1, 0, 0], [0, 0, 0], [0, 0, 0], [0, 0, 0], [0, 0, 0], [0, 0, 0], [1, 1, 0], [1, 0, 0], [1, 1, 0], [1, 0, 0], [1, 0, 0], [1, 1, 0], [1, 0, 0], [1, 0, 0], [0, 0, 1], [1, 1, 0], [1, 1, 0], [0, 0, 1], [0, 1, 0], [1, 1, 1], [0, 0, 0], [1, 0, 0], [0, 0, 0], [0, 0, 0], [0, 0, 0], [0, 0, 0], [0, 0, 0], [1, 0, 0], [0, 0, 0], [0, 0, 1], [0, 0, 0], [0, 0, 0], [0, 0, 1], [1, 1, 0], [0, 0, 1], [0, 1, 0], [0, 1, 0], [0, 0, 0], [0, 0, 0], [1, 1, 0], [0, 0, 1], [0, 1, 0], [0, 0, 1], [1, 0, 0], [1, 1, 0], [1, 1, 1], [1, 1, 0], [1, 1, 0], [0, 0, 0], [0, 0, 0], [0, 0, 0], [0, 0, 0], [0, 0, 0], [0, 0, 0], [0, 0, 0], [0, 0, 0], [0, 0, 0], [0, 1, 1], [0, 0, 1], [1, 0, 0], [1, 1, 0], [0, 0, 0], [1, 1, 0], [1, 1, 0], [0, 0, 0], [1, 1, 0], [1, 0, 0], [1, 1, 0], [1, 0, 1], [1, 1, 0], [1, 0, 0], [1, 1, 1], [1, 1, 1], [1, 1, 1], [1, 1, 1]]
deltaE	33	0.7125	1003.7478206157684	[[0, 0, 0], [0, 0, 0], [0, 0, 1], [1, 0, 0], [1, 0, 0], [1, 0, 0], [0, 0, 0], [0, 0, 0], [0, 0, 0], [0, 0, 1], [0, 0, 0], [0, 1, 0], [0, 0, 0], [1, 1, 0], [0, 0, 1], [1, 0, 0], [1, 1, 0], [0, 0, 0], [0, 0, 0], [0, 0, 1], [0, 1, 1], [1, 1, 0], [0, 1, 1], [0, 1, 0], [0, 1, 1], [0, 0, 0], [0, 0, 0], [0, 0, 0], [0, 0, 0], [0, 0, 0], [0, 0, 1], [0, 0, 0], [0, 0, 0], [0, 0, 1], [0, 0, 1], [0, 0, 1], [0, 0, 1], [0, 0, 1], [0, 1, 0], [0, 0, 1], [0, 1, 0], [0, 1, 0], [0, 0, 1], [0, 0, 1], [0, 1, 1], [0, 0, 1], [0, 1, 0], [0, 1, 1], [1, 1, 0], [0, 0, 1], [0, 1, 1], [0, 1, 1], [0, 0, 1], [0, 0, 0], [0, 0, 1], [0, 0, 0], [0, 0, 0], [0, 0, 0], [0, 0, 0], [0, 0, 0], [0, 0, 0], [0, 0, 1], [0, 1, 0], [0, 0, 1], [1, 0, 0], [0, 0, 0], [0, 0, 0], [1, 0, 0], [0, 0, 1], [0, 0, 1], [1, 0, 1], [0, 0, 1], [0, 0, 1], [1, 1, 0], [1, 0, 1], [0, 1, 1], [0, 1, 0], [0, 1, 1], [0, 1, 1], [0, 1, 0]]	[[0, 0, 0], [0, 0, 0], [0, 0, 0], [1, 0, 0], [1, 0, 0], [1, 0, 0], [0, 0, 0], [0, 0, 0], [0, 0, 0], [0, 0, 0], [0, 0, 0], [1, 1, 0], [1, 0, 0], [1, 1, 0], [1, 0, 0], [1, 0, 0], [1, 1, 0], [1, 0, 0], [1, 0, 0], [0, 0, 1], [1, 1, 0], [1, 1, 0], [0, 0, 1], [0, 1, 0], [1, 1, 1], [0, 0, 0], [1, 0, 0], [0, 0, 0], [0, 0, 0], [0, 0, 0], [0, 0, 0], [0, 0, 0], [1, 0, 0], [0, 0, 0], [0, 0, 0], [0, 0, 0], [0, 0, 0], [0, 0, 0], [1, 1, 0], [0, 0, 0], [1, 0, 0], [1, 0, 0], [0, 0, 0], [0, 0, 0], [1, 1, 0], [0, 0, 1], [0, 0, 0], [0, 0, 1], [1, 0, 0], [1, 0, 0], [1, 1, 1], [1, 1, 0], [0, 1, 0], [0, 0, 0], [0, 0, 0], [0, 0, 0], [0, 0, 0], [0, 0, 0], [0, 0, 0], [0, 0, 0], [0, 0, 0], [0, 0, 0], [0, 1, 0], [0, 0, 0], [1, 0, 0], [1, 1, 0], [0, 0, 0], [1, 0, 0], [1, 1, 0], [0, 0, 0], [1, 1, 0], [1, 0, 0], [1, 1, 0], [1, 0, 1], [1, 1, 0], [1, 0, 0], [1, 1, 1], [1, 1, 1], [1, 1, 1], [1, 1, 1]]
deltaE	34	0.7083333333333334	1044.8443660736084	[[0, 0, 0], [0, 0, 0], [0, 0, 1], [1, 0, 0], [1, 0, 0], [1, 0, 0], [0, 0, 0], [0, 0, 0], [0, 0, 0], [0, 0, 1], [0, 0, 0], [0, 1, 0], [0, 0, 0], [1, 1, 0], [0, 0, 1], [1, 0, 0], [1, 1, 0], [0, 0, 0], [0, 0, 0], [0, 0, 1], [0, 1, 1], [1, 1, 0], [0, 1, 1], [0, 1, 0], [0, 1, 1], [0, 0, 0], [0, 0, 0], [0, 0, 0], [0, 0, 0], [0, 0, 0], [0, 0, 1], [0, 0, 0], [0, 0, 0], [0, 0, 1], [0, 0, 1], [0, 0, 1], [0, 0, 1], [0, 0, 1], [0, 1, 0], [0, 0, 1], [0, 1, 0], [0, 1, 0], [0, 0, 1], [0, 0, 1], [0, 1, 1], [0, 0, 1], [0, 1, 0], [0, 1, 1], [1, 1, 0], [0, 0, 1], [0, 1, 1], [0, 1, 1], [0, 0, 1], [0, 0, 0], [0, 0, 1], [0, 0, 0], [0, 0, 0], [0, 0, 0], [0, 0, 0], [0, 0, 0], [0, 0, 0], [0, 0, 1], [0, 1, 0], [0, 0, 1], [1, 0, 0], [0, 0, 0], [0, 0, 0], [1, 0, 0], [0, 0, 1], [0, 0, 1], [1, 0, 1], [0, 0, 1], [0, 0, 1], [1, 1, 0], [1, 0, 1], [0, 1, 1], [0, 1, 0], [0, 1, 1], [0, 1, 1], [0, 1, 0]]	[[0, 0, 0], [0, 0, 0], [0, 0, 0], [1, 0, 0], [1, 0, 0], [1, 0, 0], [0, 0, 0], [0, 0, 0], [0, 0, 0], [0, 0, 0], [0, 0, 0], [1, 1, 0], [1, 0, 0], [1, 1, 0], [1, 0, 0], [1, 0, 0], [1, 1, 0], [0, 0, 0], [1, 0, 0], [0, 0, 0], [1, 1, 0], [1, 1, 0], [0, 0, 1], [0, 1, 0], [1, 1, 1], [0, 0, 0], [1, 0, 0], [0, 0, 0], [0, 0, 0], [0, 0, 0], [0, 0, 0], [0, 0, 0], [1, 0, 0], [0, 0, 0], [0, 0, 0], [0, 0, 0], [0, 0, 0], [0, 0, 0], [1, 1, 0], [0, 0, 0], [1, 0, 0], [0, 0, 0], [0, 0, 0], [0, 0, 0], [0, 0, 0], [0, 0, 1], [0, 0, 0], [0, 0, 0], [0, 0, 0], [1, 0, 0], [1, 1, 1], [1, 0, 0], [0, 1, 0], [0, 0, 0], [0, 0, 0], [0, 0, 0], [0, 0, 0], [0, 0, 0], [0, 0, 0], [0, 0, 0], [0, 0, 0], [0, 0, 0], [0, 1, 0], [0, 0, 0], [1, 0, 0], [1, 1, 0], [0, 0, 0], [1, 0, 0], [1, 0, 0], [0, 0, 0], [1, 1, 0], [1, 0, 0], [1, 1, 0], [1, 0, 1], [1, 1, 0], [1, 0, 0], [1, 1, 0], [1, 1, 0], [1, 1, 1], [1, 1, 1]]
deltaE	35	0.7125	983.1097648143768	[[0, 0, 0], [0, 0, 0], [0, 0, 1], [1, 0, 0], [1, 0, 0], [1, 0, 0], [0, 0, 0], [0, 0, 0], [0, 0, 0], [0, 0, 1], [0, 0, 0], [0, 1, 0], [0, 0, 0], [1, 1, 0], [0, 0, 1], [1, 0, 0], [1, 1, 0], [0, 0, 0], [0, 0, 0], [0, 0, 1], [0, 1, 1], [1, 1, 0], [0, 1, 1], [0, 1, 0], [0, 1, 1], [0, 0, 0], [0, 0, 0], [0, 0, 0], [0, 0, 0], [0, 0, 0], [0, 0, 1], [0, 0, 0], [0, 0, 0], [0, 0, 1], [0, 0, 1], [0, 0, 1], [0, 0, 1], [0, 0, 1], [0, 1, 0], [0, 0, 1], [0, 1, 0], [0, 1, 0], [0, 0, 1], [0, 0, 1], [0, 1, 1], [0, 0, 1], [0, 1, 0], [0, 1, 1], [1, 1, 0], [0, 0, 1], [0, 1, 1], [0, 1, 1], [0, 0, 1], [0, 0, 0], [0, 0, 1], [0, 0, 0], [0, 0, 0], [0, 0, 0], [0, 0, 0], [0, 0, 0], [0, 0, 0], [0, 0, 1], [0, 1, 0], [0, 0, 1], [1, 0, 0], [0, 0, 0], [0, 0, 0], [1, 0, 0], [0, 0, 1], [0, 0, 1], [1, 0, 1], [0, 0, 1], [0, 0, 1], [1, 1, 0], [1, 0, 1], [0, 1, 1], [0, 1, 0], [0, 1, 1], [0, 1, 1], [0, 1, 0]]	[[0, 0, 0], [0, 0, 0], [0, 0, 0], [1, 0, 0], [1, 0, 0], [1, 0, 0], [0, 0, 0], [0, 0, 0], [0, 0, 0], [0, 0, 0], [0, 0, 0], [1, 1, 0], [1, 0, 0], [1, 1, 0], [1, 0, 0], [1, 0, 0], [1, 1, 0], [0, 0, 0], [1, 0, 0], [0, 0, 0], [1, 1, 0], [1, 1, 0], [0, 0, 1], [0, 0, 0], [1, 1, 1], [0, 0, 0], [1, 0, 0], [0, 0, 0], [0, 0, 0], [0, 0, 0], [0, 0, 0], [0, 0, 0], [1, 0, 0], [0, 0, 0], [0, 0, 0], [0, 0, 0], [0, 0, 0], [0, 0, 0], [1, 1, 0], [0, 0, 0], [1, 0, 0], [1, 0, 0], [0, 0, 0], [0, 0, 0], [0, 0, 0], [0, 0, 1], [0, 0, 0], [0, 0, 0], [0, 0, 0], [1, 0, 0], [1, 1, 1], [1, 0, 0], [0, 1, 0], [0, 0, 0], [0, 0, 0], [0, 0, 0], [0, 0, 0], [0, 0, 0], [0, 0, 0], [0, 0, 0], [0, 0, 0], [0, 0, 0], [0, 1, 0], [0, 0, 0], [1, 0, 0], [1, 1, 0], [0, 0, 0], [1, 0, 0], [1, 0, 0], [0, 0, 0], [1, 0, 0], [1, 0, 0], [1, 1, 0], [1, 0, 1], [1, 0, 0], [1, 0, 0], [0, 1, 1], [1, 1, 1], [1, 1, 1], [1, 1, 1]]
deltaE	36	0.725	893.1405076980591	[[0, 0, 0], [0, 0, 0], [0, 0, 1], [1, 0, 0], [1, 0, 0], [1, 0, 0], [0, 0, 0], [0, 0, 0], [0, 0, 0], [0, 0, 1], [0, 0, 0], [0, 1, 0], [0, 0, 0], [1, 1, 0], [0, 0, 1], [1, 0, 0], [1, 1, 0], [0, 0, 0], [0, 0, 0], [0, 0, 1], [0, 1, 1], [1, 1, 0], [0, 1, 1], [0, 1, 0], [0, 1, 1], [0, 0, 0], [0, 0, 0], [0, 0, 0], [0, 0, 0], [0, 0, 0], [0, 0, 1], [0, 0, 0], [0, 0, 0], [0, 0, 1], [0, 0, 1], [0, 0, 1], [0, 0, 1], [0, 0, 1], [0, 1, 0], [0, 0, 1], [0, 1, 0], [0, 1, 0], [0, 0, 1], [0, 0, 1], [0, 1, 1], [0, 0, 1], [0, 1, 0], [0, 1, 1], [1, 1, 0], [0, 0, 1], [0, 1, 1], [0, 1, 1], [0, 0, 1], [0, 0, 0], [0, 0, 1], [0, 0, 0], [0, 0, 0], [0, 0, 0], [0, 0, 0], [0, 0, 0], [0, 0, 0], [0, 0, 1], [0, 1, 0], [0, 0, 1], [1, 0, 0], [0, 0, 0], [0, 0, 0], [1, 0, 0], [0, 0, 1], [0, 0, 1], [1, 0, 1], [0, 0, 1], [0, 0, 1], [1, 1, 0], [1, 0, 1], [0, 1, 1], [0, 1, 0], [0, 1, 1], [0, 1, 1], [0, 1, 0]]	[[0, 0, 0], [0, 0, 0], [0, 0, 0], [1, 0, 0], [1, 0, 0], [1, 0, 0], [0, 0, 0], [0, 0, 0], [0, 0, 0], [0, 0, 0], [0, 0, 0], [1, 1, 0], [1, 0, 0], [1, 1, 0], [1, 0, 0], [1, 0, 0], [1, 1, 0], [0, 0, 0], [1, 0, 0], [0, 0, 0], [1, 1, 0], [1, 1, 0], [0, 0, 1], [0, 0, 0], [1, 1, 1], [0, 0, 0], [1, 0, 0], [0, 0, 0], [0, 0, 0], [0, 0, 0], [0, 0, 0], [0, 0, 0], [1, 0, 0], [0, 0, 0], [0, 0, 0], [0, 0, 0], [0, 0, 0], [0, 0, 0], [1, 1, 0], [0, 0, 0], [1, 1, 0], [1, 1, 0], [0, 0, 0], [0, 0, 0], [0, 0, 0], [0, 0, 1], [1, 1, 1], [0, 0, 1], [1, 0, 0], [0, 1, 1], [1, 1, 1], [1, 0, 0], [0, 1, 0], [0, 0, 0], [0, 0, 0], [0, 0, 0], [0, 0, 0], [0, 0, 0], [0, 0, 0], [0, 0, 0], [0, 0, 0], [0, 0, 0], [0, 1, 1], [0, 0, 0], [1, 0, 0], [1, 1, 0], [1, 0, 0], [1, 0, 0], [1, 0, 0], [0, 0, 0], [1, 0, 0], [1, 0, 0], [1, 1, 0], [1, 0, 0], [1, 0, 0], [1, 0, 0], [0, 1, 1], [1, 1, 1], [1, 1, 1], [1, 1, 1]]
deltaE	37	0.7208333333333333	889.4473266601562	[[0, 0, 0], [0, 0, 0], [0, 0, 1], [1, 0, 0], [1, 0, 0], [1, 0, 0], [0, 0, 0], [0, 0, 0], [0, 0, 0], [0, 0, 1], [0, 0, 0], [0, 1, 0], [0, 0, 0], [1, 1, 0], [0, 0, 1], [1, 0, 0], [1, 1, 0], [0, 0, 0], [0, 0, 0], [0, 0, 1], [0, 1, 1], [1, 1, 0], [0, 1, 1], [0, 1, 0], [0, 1, 1], [0, 0, 0], [0, 0, 0], [0, 0, 0], [0, 0, 0], [0, 0, 0], [0, 0, 1], [0, 0, 0], [0, 0, 0], [0, 0, 1], [0, 0, 1], [0, 0, 1], [0, 0, 1], [0, 0, 1], [0, 1, 0], [0, 0, 1], [0, 1, 0], [0, 1, 0], [0, 0, 1], [0, 0, 1], [0, 1, 1], [0, 0, 1], [0, 1, 0], [0, 1, 1], [1, 1, 0], [0, 0, 1], [0, 1, 1], [0, 1, 1], [0, 0, 1], [0, 0, 0], [0, 0, 1], [0, 0, 0], [0, 0, 0], [0, 0, 0], [0, 0, 0], [0, 0, 0], [0, 0, 0], [0, 0, 1], [0, 1, 0], [0, 0, 1], [1, 0, 0], [0, 0, 0], [0, 0, 0], [1, 0, 0], [0, 0, 1], [0, 0, 1], [1, 0, 1], [0, 0, 1], [0, 0, 1], [1, 1, 0], [1, 0, 1], [0, 1, 1], [0, 1, 0], [0, 1, 1], [0, 1, 1], [0, 1, 0]]	[[0, 0, 0], [0, 0, 0], [0, 0, 0], [1, 0, 0], [1, 0, 0], [1, 0, 0], [0, 0, 0], [0, 0, 0], [0, 0, 0], [0, 0, 0], [0, 0, 0], [0, 1, 0], [1, 0, 0], [0, 1, 0], [1, 0, 0], [1, 0, 0], [0, 1, 0], [0, 0, 0], [1, 0, 0], [0, 0, 0], [1, 1, 0], [1, 1, 0], [0, 0, 0], [0, 0, 0], [0, 0, 0], [0, 0, 0], [1, 0, 0], [0, 0, 0], [0, 0, 0], [0, 0, 0], [0, 0, 0], [0, 0, 0], [1, 0, 0], [0, 0, 0], [0, 0, 0], [0, 0, 0], [0, 0, 0], [0, 0, 0], [1, 1, 0], [0, 0, 0], [1, 1, 0], [1, 1, 0], [0, 0, 0], [0, 0, 0], [0, 1, 1], [0, 0, 1], [1, 1, 1], [0, 0, 1], [1, 0, 0], [0, 1, 1], [1, 1, 1], [1, 1, 1], [0, 1, 0], [0, 0, 0], [0, 0, 0], [0, 0, 0], [0, 0, 0], [0, 0, 0], [0, 0, 0], [0, 0, 0], [0, 0, 0], [0, 0, 0], [0, 0, 0], [0, 0, 0], [1, 0, 0], [1, 1, 0], [1, 0, 0], [1, 0, 0], [1, 0, 0], [0, 0, 0], [1, 0, 0], [1, 0, 0], [1, 1, 0], [1, 0, 0], [1, 0, 0], [1, 0, 0], [0, 1, 1], [1, 1, 0], [1, 1, 0], [1, 1, 1]]
deltaE	38	0.7083333333333334	878.4031674861908	[[0, 0, 0], [0, 0, 0], [0, 0, 1], [1, 0, 0], [1, 0, 0], [1, 0, 0], [0, 0, 0], [0, 0, 0], [0, 0, 0], [0, 0, 1], [0, 0, 0], [0, 1, 0], [0, 0, 0], [1, 1, 0], [0, 0, 1], [1, 0, 0], [1, 1, 0], [0, 0, 0], [0, 0, 0], [0, 0, 1], [0, 1, 1], [1, 1, 0], [0, 1, 1], [0, 1, 0], [0, 1, 1], [0, 0, 0], [0, 0, 0], [0, 0, 0], [0, 0, 0], [0, 0, 0], [0, 0, 1], [0, 0, 0], [0, 0, 0], [0, 0, 1], [0, 0, 1], [0, 0, 1], [0, 0, 1], [0, 0, 1], [0, 1, 0], [0, 0, 1], [0, 1, 0], [0, 1, 0], [0, 0, 1], [0, 0, 1], [0, 1, 1], [0, 0, 1], [0, 1, 0], [0, 1, 1], [1, 1, 0], [0, 0, 1], [0, 1, 1], [0, 1, 1], [0, 0, 1], [0, 0, 0], [0, 0, 1], [0, 0, 0], [0, 0, 0], [0, 0, 0], [0, 0, 0], [0, 0, 0], [0, 0, 0], [0, 0, 1], [0, 1, 0], [0, 0, 1], [1, 0, 0], [0, 0, 0], [0, 0, 0], [1, 0, 0], [0, 0, 1], [0, 0, 1], [1, 0, 1], [0, 0, 1], [0, 0, 1], [1, 1, 0], [1, 0, 1], [0, 1, 1], [0, 1, 0], [0, 1, 1], [0, 1, 1], [0, 1, 0]]	[[0, 0, 0], [0, 0, 0], [0, 0, 0], [1, 0, 0], [1, 0, 0], [1, 0, 0], [0, 0, 0], [0, 0, 0], [0, 0, 0], [0, 0, 0], [0, 0, 0], [0, 1, 0], [1, 0, 0], [1, 1, 0], [1, 0, 0], [1, 0, 0], [0, 1, 0], [0, 0, 0], [1, 0, 0], [0, 0, 0], [1, 1, 0], [1, 1, 0], [0, 0, 0], [0, 0, 0], [0, 0, 0], [0, 0, 0], [1, 0, 0], [0, 0, 0], [0, 0, 0], [0, 0, 0], [0, 0, 0], [0, 0, 0], [1, 0, 0], [0, 0, 0], [0, 0, 0], [0, 0, 0], [0, 0, 0], [0, 0, 0], [1, 1, 0], [0, 0, 0], [1, 1, 0], [1, 1, 0], [0, 0, 0], [0, 0, 0], [0, 1, 0], [0, 0, 0], [1, 1, 1], [0, 0, 0], [1, 0, 0], [1, 1, 0], [1, 1, 1], [1, 1, 1], [0, 0, 0], [0, 0, 0], [0, 0, 0], [0, 0, 0], [0, 0, 0], [0, 0, 0], [0, 0, 0], [0, 0, 0], [0, 0, 0], [0, 0, 0], [0, 0, 0], [0, 0, 0], [1, 0, 0], [1, 1, 0], [1, 0, 0], [1, 0, 0], [1, 0, 0], [0, 0, 0], [1, 0, 0], [1, 0, 0], [1, 1, 0], [1, 0, 0], [1, 1, 0], [1, 0, 0], [0, 0, 0], [0, 1, 0], [1, 1, 0], [1, 1, 1]]
deltaE	39	0.6958333333333333	852.7644035816193	[[0, 0, 0], [0, 0, 0], [0, 0, 1], [1, 0, 0], [1, 0, 0], [1, 0, 0], [0, 0, 0], [0, 0, 0], [0, 0, 0], [0, 0, 1], [0, 0, 0], [0, 1, 0], [0, 0, 0], [1, 1, 0], [0, 0, 1], [1, 0, 0], [1, 1, 0], [0, 0, 0], [0, 0, 0], [0, 0, 1], [0, 1, 1], [1, 1, 0], [0, 1, 1], [0, 1, 0], [0, 1, 1], [0, 0, 0], [0, 0, 0], [0, 0, 0], [0, 0, 0], [0, 0, 0], [0, 0, 1], [0, 0, 0], [0, 0, 0], [0, 0, 1], [0, 0, 1], [0, 0, 1], [0, 0, 1], [0, 0, 1], [0, 1, 0], [0, 0, 1], [0, 1, 0], [0, 1, 0], [0, 0, 1], [0, 0, 1], [0, 1, 1], [0, 0, 1], [0, 1, 0], [0, 1, 1], [1, 1, 0], [0, 0, 1], [0, 1, 1], [0, 1, 1], [0, 0, 1], [0, 0, 0], [0, 0, 1], [0, 0, 0], [0, 0, 0], [0, 0, 0], [0, 0, 0], [0, 0, 0], [0, 0, 0], [0, 0, 1], [0, 1, 0], [0, 0, 1], [1, 0, 0], [0, 0, 0], [0, 0, 0], [1, 0, 0], [0, 0, 1], [0, 0, 1], [1, 0, 1], [0, 0, 1], [0, 0, 1], [1, 1, 0], [1, 0, 1], [0, 1, 1], [0, 1, 0], [0, 1, 1], [0, 1, 1], [0, 1, 0]]	[[0, 0, 0], [0, 0, 0], [0, 0, 0], [1, 0, 0], [1, 0, 0], [1, 0, 0], [0, 0, 0], [0, 0, 0], [0, 0, 0], [0, 0, 0], [0, 0, 0], [0, 1, 0], [1, 0, 0], [1, 1, 0], [1, 0, 0], [1, 0, 0], [0, 1, 0], [0, 0, 0], [1, 0, 0], [0, 0, 0], [1, 1, 0], [1, 1, 0], [0, 0, 0], [0, 0, 0], [1, 0, 0], [0, 0, 0], [1, 0, 0], [0, 0, 0], [0, 0, 0], [0, 0, 0], [0, 0, 0], [0, 0, 0], [1, 0, 0], [0, 0, 0], [0, 0, 0], [0, 0, 0], [0, 0, 0], [0, 0, 0], [1, 1, 0], [0, 0, 0], [1, 1, 0], [1, 1, 0], [0, 0, 0], [0, 0, 0], [1, 1, 0], [0, 0, 0], [1, 1, 1], [0, 0, 0], [1, 0, 0], [1, 1, 0], [1, 1, 1], [1, 0, 0], [0, 0, 0], [0, 0, 0], [0, 0, 0], [0, 0, 0], [0, 0, 0], [0, 0, 0], [0, 0, 0], [0, 0, 0], [0, 0, 0], [0, 0, 0], [0, 0, 0], [0, 0, 0], [1, 0, 0], [1, 1, 0], [0, 0, 0], [1, 0, 0], [1, 0, 0], [0, 0, 0], [1, 0, 0], [1, 0, 0], [1, 1, 0], [1, 0, 0], [1, 1, 0], [1, 0, 0], [0, 0, 0], [0, 1, 0], [1, 1, 0], [1, 1, 1]]
deltaE	40	0.7083333333333334	843.2841286659241	[[0, 0, 0], [0, 0, 0], [0, 0, 1], [1, 0, 0], [1, 0, 0], [1, 0, 0], [0, 0, 0], [0, 0, 0], [0, 0, 0], [0, 0, 1], [0, 0, 0], [0, 1, 0], [0, 0, 0], [1, 1, 0], [0, 0, 1], [1, 0, 0], [1, 1, 0], [0, 0, 0], [0, 0, 0], [0, 0, 1], [0, 1, 1], [1, 1, 0], [0, 1, 1], [0, 1, 0], [0, 1, 1], [0, 0, 0], [0, 0, 0], [0, 0, 0], [0, 0, 0], [0, 0, 0], [0, 0, 1], [0, 0, 0], [0, 0, 0], [0, 0, 1], [0, 0, 1], [0, 0, 1], [0, 0, 1], [0, 0, 1], [0, 1, 0], [0, 0, 1], [0, 1, 0], [0, 1, 0], [0, 0, 1], [0, 0, 1], [0, 1, 1], [0, 0, 1], [0, 1, 0], [0, 1, 1], [1, 1, 0], [0, 0, 1], [0, 1, 1], [0, 1, 1], [0, 0, 1], [0, 0, 0], [0, 0, 1], [0, 0, 0], [0, 0, 0], [0, 0, 0], [0, 0, 0], [0, 0, 0], [0, 0, 0], [0, 0, 1], [0, 1, 0], [0, 0, 1], [1, 0, 0], [0, 0, 0], [0, 0, 0], [1, 0, 0], [0, 0, 1], [0, 0, 1], [1, 0, 1], [0, 0, 1], [0, 0, 1], [1, 1, 0], [1, 0, 1], [0, 1, 1], [0, 1, 0], [0, 1, 1], [0, 1, 1], [0, 1, 0]]	[[0, 0, 0], [0, 0, 0], [0, 0, 0], [1, 0, 0], [1, 0, 0], [1, 0, 0], [0, 0, 0], [0, 0, 0], [0, 0, 0], [0, 0, 0], [0, 0, 0], [0, 1, 0], [1, 0, 0], [1, 1, 0], [1, 0, 0], [0, 0, 0], [0, 1, 0], [0, 0, 0], [1, 0, 0], [0, 0, 0], [0, 1, 0], [1, 1, 0], [0, 0, 0], [0, 0, 0], [1, 0, 0], [0, 0, 0], [1, 0, 0], [0, 0, 0], [0, 0, 0], [0, 0, 0], [0, 0, 0], [0, 0, 0], [1, 0, 0], [0, 0, 0], [0, 0, 0], [0, 0, 0], [0, 0, 0], [0, 0, 0], [1, 1, 0], [0, 0, 0], [1, 1, 0], [1, 1, 0], [0, 0, 0], [0, 0, 0], [1, 1, 0], [0, 0, 0], [1, 1, 0], [0, 0, 0], [1, 1, 0], [1, 0, 0], [1, 1, 1], [1, 0, 0], [0, 0, 0], [0, 0, 0], [0, 0, 0], [0, 0, 0], [0, 0, 0], [0, 0, 0], [0, 0, 0], [0, 0, 0], [0, 0, 0], [0, 0, 0], [0, 0, 0], [0, 0, 0], [1, 0, 0], [1, 1, 0], [0, 0, 0], [1, 0, 0], [1, 0, 0], [0, 0, 0], [1, 0, 0], [1, 0, 0], [1, 1, 0], [1, 0, 0], [1, 1, 0], [1, 0, 0], [0, 0, 0], [0, 1, 0], [0, 0, 0], [1, 1, 1]]
EuclidLab	55	0.4625	158.421080827713	[[0, 0, 0], [0, 0, 0], [0, 0, 1], [1, 0, 0], [1, 0, 0], [1, 0, 0], [0, 0, 0], [0, 0, 0], [0, 0, 0], [0, 0, 1], [0, 0, 0], [0, 1, 0], [0, 0, 0], [1, 1, 0], [0, 0, 1], [1, 0, 0], [1, 1, 0], [0, 0, 0], [0, 0, 0], [0, 0, 1], [0, 1, 1], [1, 1, 0], [0, 1, 1], [0, 1, 0], [0, 1, 1], [0, 0, 0], [0, 0, 0], [0, 0, 0], [0, 0, 0], [0, 0, 0], [0, 0, 1], [0, 0, 0], [0, 0, 0], [0, 0, 1], [0, 0, 1], [0, 0, 1], [0, 0, 1], [0, 0, 1], [0, 1, 0], [0, 0, 1], [0, 1, 0], [0, 1, 0], [0, 0, 1], [0, 0, 1], [0, 1, 1], [0, 0, 1], [0, 1, 0], [0, 1, 1], [1, 1, 0], [0, 0, 1], [0, 1, 1], [0, 1, 1], [0, 0, 1], [0, 0, 0], [0, 0, 1], [0, 0, 0], [0, 0, 0], [0, 0, 0], [0, 0, 0], [0, 0, 0], [0, 0, 0], [0, 0, 1], [0, 1, 0], [0, 0, 1], [1, 0, 0], [0, 0, 0], [0, 0, 0], [1, 0, 0], [0, 0, 1], [0, 0, 1], [1, 0, 1], [0, 0, 1], [0, 0, 1], [1, 1, 0], [1, 0, 1], [0, 1, 1], [0, 1, 0], [0, 1, 1], [0, 1, 1], [0, 1, 0]]	[[0, 0, 1], [1, 1, 1], [0, 1, 1], [0, 0, 1], [0, 0, 1], [0, 1, 1], [1, 1, 0], [0, 0, 1], [1, 1, 1], [0, 1, 1], [1, 1, 0], [1, 1, 1], [1, 1, 1], [1, 1, 1], [0, 1, 1], [1, 1, 1], [1, 1, 1], [0, 1, 0], [1, 1, 1], [1, 1, 1], [1, 1, 1], [1, 1, 1], [1, 1, 1], [1, 1, 0], [1, 1, 0], [0, 0, 0], [0, 0, 1], [1, 1, 0], [0, 0, 0], [1, 1, 0], [0, 1, 1], [0, 1, 0], [0, 0, 1], [0, 1, 1], [0, 1, 0], [1, 1, 1], [0, 1, 1], [0, 1, 0], [1, 1, 1], [0, 1, 0], [1, 1, 1], [1, 1, 1], [1, 1, 1], [1, 1, 1], [1, 1, 1], [1, 1, 1], [1, 1, 0], [1, 0, 1], [0, 0, 1], [1, 1, 1], [1, 1, 0], [1, 1, 1], [0, 1, 1], [0, 1, 1], [0, 1, 1], [0, 1, 1], [0, 1, 0], [1, 1, 1], [1, 1, 1], [1, 1, 1], [1, 1, 1], [0, 1, 1], [1, 1, 0], [0, 1, 0], [1, 1, 1], [1, 1, 0], [0, 0, 0], [1, 1, 1], [0, 1, 1], [1, 1, 1], [1, 1, 1], [1, 1, 1], [1, 1, 1], [1, 1, 1], [1, 1, 1], [1, 1, 1], [1, 1, 0], [0, 1, 0], [0, 1, 0], [1, 1, 0]]
EuclidLab	60	0.4875	162.90170097351074	[[0, 0, 0], [0, 0, 0], [0, 0, 1], [1, 0, 0], [1, 0, 0], [1, 0, 0], [0, 0, 0], [0, 0, 0], [0, 0, 0], [0, 0, 1], [0, 0, 0], [0, 1, 0], [0, 0, 0], [1, 1, 0], [0, 0, 1], [1, 0, 0], [1, 1, 0], [0, 0, 0], [0, 0, 0], [0, 0, 1], [0, 1, 1], [1, 1, 0], [0, 1, 1], [0, 1, 0], [0, 1, 1], [0, 0, 0], [0, 0, 0], [0, 0, 0], [0, 0, 0], [0, 0, 0], [0, 0, 1], [0, 0, 0], [0, 0, 0], [0, 0, 1], [0, 0, 1], [0, 0, 1], [0, 0, 1], [0, 0, 1], [0, 1, 0], [0, 0, 1], [0, 1, 0], [0, 1, 0], [0, 0, 1], [0, 0, 1], [0, 1, 1], [0, 0, 1], [0, 1, 0], [0, 1, 1], [1, 1, 0], [0, 0, 1], [0, 1, 1], [0, 1, 1], [0, 0, 1], [0, 0, 0], [0, 0, 1], [0, 0, 0], [0, 0, 0], [0, 0, 0], [0, 0, 0], [0, 0, 0], [0, 0, 0], [0, 0, 1], [0, 1, 0], [0, 0, 1], [1, 0, 0], [0, 0, 0], [0, 0, 0], [1, 0, 0], [0, 0, 1], [0, 0, 1], [1, 0, 1], [0, 0, 1], [0, 0, 1], [1, 1, 0], [1, 0, 1], [0, 1, 1], [0, 1, 0], [0, 1, 1], [0, 1, 1], [0, 1, 0]]	[[0, 0, 1], [0, 1, 1], [0, 1, 1], [0, 0, 1], [0, 0, 1], [0, 1, 1], [1, 1, 0], [0, 0, 1], [0, 1, 1], [0, 1, 1], [1, 1, 0], [1, 1, 0], [0, 1, 1], [1, 1, 0], [0, 1, 1], [0, 1, 1], [1, 1, 0], [0, 1, 0], [0, 1, 1], [1, 1, 1], [1, 1, 1], [1, 1, 1], [1, 1, 1], [1, 1, 0], [1, 1, 0], [0, 0, 0], [0, 0, 1], [0, 0, 0], [0, 0, 1], [0, 1, 0], [0, 1, 1], [0, 1, 0], [0, 0, 1], [0, 1, 1], [0, 1, 0], [1, 1, 1], [0, 1, 1], [0, 1, 0], [1, 1, 1], [0, 0, 0], [1, 1, 1], [1, 1, 1], [1, 1, 1], [1, 1, 1], [1, 1, 1], [1, 1, 1], [1, 0, 0], [1, 1, 1], [0, 1, 1], [1, 1, 0], [1, 1, 0], [1, 1, 1], [1, 1, 1], [0, 0, 0], [0, 1, 1], [0, 0, 0], [0, 1, 0], [1, 1, 1], [1, 1, 1], [1, 1, 1], [1, 1, 1], [0, 1, 1], [1, 1, 0], [0, 1, 0], [1, 1, 1], [1, 1, 1], [0, 1, 0], [0, 1, 1], [0, 1, 1], [1, 1, 1], [0, 1, 1], [1, 1, 1], [1, 1, 1], [1, 1, 1], [1, 1, 1], [1, 1, 1], [1, 1, 1], [0, 0, 0], [0, 1, 0], [1, 1, 0]]
EuclidLab	65	0.5166666666666667	164.82292795181274	[[0, 0, 0], [0, 0, 0], [0, 0, 1], [1, 0, 0], [1, 0, 0], [1, 0, 0], [0, 0, 0], [0, 0, 0], [0, 0, 0], [0, 0, 1], [0, 0, 0], [0, 1, 0], [0, 0, 0], [1, 1, 0], [0, 0, 1], [1, 0, 0], [1, 1, 0], [0, 0, 0], [0, 0, 0], [0, 0, 1], [0, 1, 1], [1, 1, 0], [0, 1, 1], [0, 1, 0], [0, 1, 1], [0, 0, 0], [0, 0, 0], [0, 0, 0], [0, 0, 0], [0, 0, 0], [0, 0, 1], [0, 0, 0], [0, 0, 0], [0, 0, 1], [0, 0, 1], [0, 0, 1], [0, 0, 1], [0, 0, 1], [0, 1, 0], [0, 0, 1], [0, 1, 0], [0, 1, 0], [0, 0, 1], [0, 0, 1], [0, 1, 1], [0, 0, 1], [0, 1, 0], [0, 1, 1], [1, 1, 0], [0, 0, 1], [0, 1, 1], [0, 1, 1], [0, 0, 1], [0, 0, 0], [0, 0, 1], [0, 0, 0], [0, 0, 0], [0, 0, 0], [0, 0, 0], [0, 0, 0], [0, 0, 0], [0, 0, 1], [0, 1, 0], [0, 0, 1], [1, 0, 0], [0, 0, 0], [0, 0, 0], [1, 0, 0], [0, 0, 1], [0, 0, 1], [1, 0, 1], [0, 0, 1], [0, 0, 1], [1, 1, 0], [1, 0, 1], [0, 1, 1], [0, 1, 0], [0, 1, 1], [0, 1, 1], [0, 1, 0]]	[[0, 0, 1], [0, 1, 1], [0, 1, 1], [0, 0, 1], [0, 0, 1], [0, 0, 1], [1, 1, 0], [0, 0, 1], [0, 1, 1], [0, 1, 1], [1, 1, 0], [1, 1, 1], [0, 1, 1], [1, 1, 0], [0, 1, 1], [0, 1, 1], [1, 1, 0], [0, 0, 0], [0, 1, 1], [1, 1, 1], [1, 1, 0], [1, 1, 1], [1, 0, 1], [1, 1, 0], [1, 1, 0], [0, 0, 1], [0, 0, 1], [0, 0, 0], [0, 0, 1], [0, 0, 0], [0, 1, 1], [0, 0, 0], [0, 0, 1], [0, 1, 1], [0, 0, 0], [1, 1, 1], [0, 1, 1], [0, 0, 0], [1, 1, 1], [0, 0, 0], [1, 1, 1], [1, 1, 1], [1, 1, 1], [1, 1, 1], [1, 1, 1], [1, 0, 1], [1, 0, 1], [0, 1, 1], [0, 1, 1], [1, 1, 0], [1, 0, 0], [1, 1, 1], [0, 0, 1], [0, 0, 0], [0, 1, 1], [0, 0, 0], [0, 1, 0], [1, 1, 1], [1, 1, 1], [1, 1, 1], [1, 1, 1], [0, 1, 1], [1, 1, 1], [0, 1, 0], [1, 1, 1], [1, 1, 1], [0, 0, 0], [0, 1, 1], [0, 1, 1], [0, 1, 1], [0, 1, 1], [0, 1, 1], [1, 1, 1], [0, 1, 1], [0, 1, 1], [0, 1, 1], [1, 1, 0], [0, 0, 1], [0, 1, 0], [1, 1, 0]]
EuclidLab	70	0.5333333333333333	164.77105474472046	[[0, 0, 0], [0, 0, 0], [0, 0, 1], [1, 0, 0], [1, 0, 0], [1, 0, 0], [0, 0, 0], [0, 0, 0], [0, 0, 0], [0, 0, 1], [0, 0, 0], [0, 1, 0], [0, 0, 0], [1, 1, 0], [0, 0, 1], [1, 0, 0], [1, 1, 0], [0, 0, 0], [0, 0, 0], [0, 0, 1], [0, 1, 1], [1, 1, 0], [0, 1, 1], [0, 1, 0], [0, 1, 1], [0, 0, 0], [0, 0, 0], [0, 0, 0], [0, 0, 0], [0, 0, 0], [0, 0, 1], [0, 0, 0], [0, 0, 0], [0, 0, 1], [0, 0, 1], [0, 0, 1], [0, 0, 1], [0, 0, 1], [0, 1, 0], [0, 0, 1], [0, 1, 0], [0, 1, 0], [0, 0, 1], [0, 0, 1], [0, 1, 1], [0, 0, 1], [0, 1, 0], [0, 1, 1], [1, 1, 0], [0, 0, 1], [0, 1, 1], [0, 1, 1], [0, 0, 1], [0, 0, 0], [0, 0, 1], [0, 0, 0], [0, 0, 0], [0, 0, 0], [0, 0, 0], [0, 0, 0], [0, 0, 0], [0, 0, 1], [0, 1, 0], [0, 0, 1], [1, 0, 0], [0, 0, 0], [0, 0, 0], [1, 0, 0], [0, 0, 1], [0, 0, 1], [1, 0, 1], [0, 0, 1], [0, 0, 1], [1, 1, 0], [1, 0, 1], [0, 1, 1], [0, 1, 0], [0, 1, 1], [0, 1, 1], [0, 1, 0]]	[[0, 0, 1], [0, 1, 1], [0, 1, 1], [0, 0, 1], [0, 0, 1], [0, 0, 1], [1, 1, 0], [0, 0, 1], [0, 1, 1], [0, 1, 1], [1, 1, 0], [1, 1, 1], [0, 0, 1], [1, 1, 1], [0, 1, 1], [0, 1, 1], [1, 1, 1], [0, 0, 0], [0, 0, 1], [1, 1, 1], [1, 1, 1], [1, 1, 1], [0, 0, 1], [1, 1, 0], [0, 0, 0], [0, 0, 1], [0, 0, 1], [0, 0, 0], [0, 0, 1], [0, 0, 0], [0, 1, 1], [0, 0, 0], [0, 0, 1], [0, 1, 1], [0, 0, 0], [0, 1, 1], [0, 1, 0], [0, 0, 0], [1, 1, 1], [0, 0, 0], [1, 1, 1], [1, 1, 1], [0, 1, 1], [0, 1, 1], [1, 1, 1], [0, 1, 1], [1, 0, 1], [0, 1, 1], [0, 1, 1], [1, 1, 1], [1, 0, 1], [1, 1, 1], [0, 1, 1], [0, 0, 1], [0, 1, 1], [0, 0, 1], [0, 0, 0], [1, 1, 1], [1, 1, 1], [1, 1, 1], [1, 1, 1], [0, 1, 1], [1, 1, 1], [0, 1, 0], [1, 1, 1], [0, 1, 1], [0, 0, 0], [0, 1, 1], [0, 1, 1], [0, 1, 1], [0, 1, 1], [0, 1, 1], [1, 1, 1], [0, 1, 1], [0, 1, 1], [1, 1, 1], [1, 1, 0], [0, 0, 0], [0, 1, 1], [1, 1, 0]]
EuclidLab	75	0.5291666666666667	166.1357500553131	[[0, 0, 0], [0, 0, 0], [0, 0, 1], [1, 0, 0], [1, 0, 0], [1, 0, 0], [0, 0, 0], [0, 0, 0], [0, 0, 0], [0, 0, 1], [0, 0, 0], [0, 1, 0], [0, 0, 0], [1, 1, 0], [0, 0, 1], [1, 0, 0], [1, 1, 0], [0, 0, 0], [0, 0, 0], [0, 0, 1], [0, 1, 1], [1, 1, 0], [0, 1, 1], [0, 1, 0], [0, 1, 1], [0, 0, 0], [0, 0, 0], [0, 0, 0], [0, 0, 0], [0, 0, 0], [0, 0, 1], [0, 0, 0], [0, 0, 0], [0, 0, 1], [0, 0, 1], [0, 0, 1], [0, 0, 1], [0, 0, 1], [0, 1, 0], [0, 0, 1], [0, 1, 0], [0, 1, 0], [0, 0, 1], [0, 0, 1], [0, 1, 1], [0, 0, 1], [0, 1, 0], [0, 1, 1], [1, 1, 0], [0, 0, 1], [0, 1, 1], [0, 1, 1], [0, 0, 1], [0, 0, 0], [0, 0, 1], [0, 0, 0], [0, 0, 0], [0, 0, 0], [0, 0, 0], [0, 0, 0], [0, 0, 0], [0, 0, 1], [0, 1, 0], [0, 0, 1], [1, 0, 0], [0, 0, 0], [0, 0, 0], [1, 0, 0], [0, 0, 1], [0, 0, 1], [1, 0, 1], [0, 0, 1], [0, 0, 1], [1, 1, 0], [1, 0, 1], [0, 1, 1], [0, 1, 0], [0, 1, 1], [0, 1, 1], [0, 1, 0]]	[[0, 0, 1], [1, 1, 1], [0, 1, 1], [0, 0, 1], [0, 0, 1], [0, 0, 1], [1, 1, 0], [0, 0, 1], [0, 1, 1], [0, 1, 1], [1, 1, 0], [0, 1, 1], [0, 0, 1], [0, 1, 1], [0, 1, 1], [0, 1, 1], [0, 1, 1], [0, 0, 0], [0, 0, 1], [1, 1, 1], [0, 1, 1], [1, 1, 1], [0, 0, 0], [0, 0, 0], [0, 0, 0], [0, 0, 1], [0, 0, 1], [0, 0, 0], [0, 0, 1], [0, 0, 0], [0, 1, 1], [0, 0, 0], [0, 0, 1], [0, 1, 1], [0, 0, 0], [0, 1, 1], [0, 1, 0], [0, 0, 1], [1, 1, 1], [0, 0, 0], [1, 1, 1], [1, 1, 1], [0, 1, 1], [0, 1, 1], [1, 1, 1], [0, 0, 1], [1, 0, 1], [0, 0, 1], [0, 1, 1], [1, 0, 1], [1, 0, 1], [1, 1, 1], [0, 1, 1], [0, 0, 1], [0, 1, 1], [0, 0, 1], [0, 0, 0], [1, 1, 1], [1, 1, 1], [1, 1, 1], [1, 1, 1], [0, 1, 1], [1, 1, 0], [0, 0, 0], [1, 1, 1], [1, 1, 1], [0, 0, 0], [0, 1, 1], [0, 1, 0], [0, 1, 1], [0, 1, 1], [0, 1, 1], [0, 1, 1], [0, 0, 1], [0, 1, 1], [1, 1, 0], [1, 1, 0], [0, 1, 0], [0, 0, 1], [1, 1, 0]]
EuclidLab	80	0.5541666666666667	163.759770154953	[[0, 0, 0], [0, 0, 0], [0, 0, 1], [1, 0, 0], [1, 0, 0], [1, 0, 0], [0, 0, 0], [0, 0, 0], [0, 0, 0], [0, 0, 1], [0, 0, 0], [0, 1, 0], [0, 0, 0], [1, 1, 0], [0, 0, 1], [1, 0, 0], [1, 1, 0], [0, 0, 0], [0, 0, 0], [0, 0, 1], [0, 1, 1], [1, 1, 0], [0, 1, 1], [0, 1, 0], [0, 1, 1], [0, 0, 0], [0, 0, 0], [0, 0, 0], [0, 0, 0], [0, 0, 0], [0, 0, 1], [0, 0, 0], [0, 0, 0], [0, 0, 1], [0, 0, 1], [0, 0, 1], [0, 0, 1], [0, 0, 1], [0, 1, 0], [0, 0, 1], [0, 1, 0], [0, 1, 0], [0, 0, 1], [0, 0, 1], [0, 1, 1], [0, 0, 1], [0, 1, 0], [0, 1, 1], [1, 1, 0], [0, 0, 1], [0, 1, 1], [0, 1, 1], [0, 0, 1], [0, 0, 0], [0, 0, 1], [0, 0, 0], [0, 0, 0], [0, 0, 0], [0, 0, 0], [0, 0, 0], [0, 0, 0], [0, 0, 1], [0, 1, 0], [0, 0, 1], [1, 0, 0], [0, 0, 0], [0, 0, 0], [1, 0, 0], [0, 0, 1], [0, 0, 1], [1, 0, 1], [0, 0, 1], [0, 0, 1], [1, 1, 0], [1, 0, 1], [0, 1, 1], [0, 1, 0], [0, 1, 1], [0, 1, 1], [0, 1, 0]]	[[0, 0, 0], [1, 1, 1], [0, 1, 1], [0, 0, 1], [0, 0, 1], [0, 0, 1], [1, 1, 0], [0, 0, 1], [1, 1, 1], [0, 1, 1], [0, 1, 0], [1, 1, 1], [0, 0, 1], [1, 1, 1], [0, 1, 1], [0, 1, 1], [1, 1, 1], [0, 0, 0], [0, 0, 1], [0, 1, 1], [0, 1, 1], [1, 1, 1], [0, 0, 1], [0, 0, 0], [1, 0, 1], [0, 0, 1], [0, 0, 1], [0, 0, 0], [0, 0, 1], [0, 0, 0], [0, 1, 1], [0, 0, 0], [0, 0, 1], [0, 1, 1], [0, 0, 1], [0, 1, 1], [0, 1, 0], [0, 0, 1], [1, 1, 1], [0, 0, 1], [1, 1, 1], [1, 1, 1], [0, 1, 1], [0, 1, 1], [1, 1, 1], [0, 0, 1], [1, 0, 1], [0, 1, 1], [0, 1, 1], [1, 0, 1], [1, 0, 1], [1, 1, 1], [0, 1, 1], [0, 0, 1], [0, 1, 1], [0, 0, 1], [0, 0, 0], [1, 1, 1], [1, 1, 1], [1, 1, 1], [1, 1, 1], [0, 1, 1], [0, 0, 0], [0, 0, 0], [1, 1, 1], [1, 1, 1], [0, 0, 0], [0, 1, 1], [0, 1, 0], [0, 1, 1], [0, 1, 1], [0, 0, 1], [0, 1, 1], [0, 0, 1], [0, 1, 1], [1, 1, 0], [0, 0, 1], [0, 1, 0], [0, 0, 1], [1, 0, 0]]
EuclidLab	85	0.5833333333333334	154.8125057220459	[[0, 0, 0], [0, 0, 0], [0, 0, 1], [1, 0, 0], [1, 0, 0], [1, 0, 0], [0, 0, 0], [0, 0, 0], [0, 0, 0], [0, 0, 1], [0, 0, 0], [0, 1, 0], [0, 0, 0], [1, 1, 0], [0, 0, 1], [1, 0, 0], [1, 1, 0], [0, 0, 0], [0, 0, 0], [0, 0, 1], [0, 1, 1], [1, 1, 0], [0, 1, 1], [0, 1, 0], [0, 1, 1], [0, 0, 0], [0, 0, 0], [0, 0, 0], [0, 0, 0], [0, 0, 0], [0, 0, 1], [0, 0, 0], [0, 0, 0], [0, 0, 1], [0, 0, 1], [0, 0, 1], [0, 0, 1], [0, 0, 1], [0, 1, 0], [0, 0, 1], [0, 1, 0], [0, 1, 0], [0, 0, 1], [0, 0, 1], [0, 1, 1], [0, 0, 1], [0, 1, 0], [0, 1, 1], [1, 1, 0], [0, 0, 1], [0, 1, 1], [0, 1, 1], [0, 0, 1], [0, 0, 0], [0, 0, 1], [0, 0, 0], [0, 0, 0], [0, 0, 0], [0, 0, 0], [0, 0, 0], [0, 0, 0], [0, 0, 1], [0, 1, 0], [0, 0, 1], [1, 0, 0], [0, 0, 0], [0, 0, 0], [1, 0, 0], [0, 0, 1], [0, 0, 1], [1, 0, 1], [0, 0, 1], [0, 0, 1], [1, 1, 0], [1, 0, 1], [0, 1, 1], [0, 1, 0], [0, 1, 1], [0, 1, 1], [0, 1, 0]]	[[0, 0, 1], [0, 1, 1], [0, 1, 1], [0, 0, 1], [0, 0, 1], [0, 0, 1], [1, 1, 0], [0, 0, 1], [0, 1, 1], [0, 1, 1], [0, 1, 0], [1, 1, 1], [0, 1, 1], [1, 1, 1], [0, 1, 1], [0, 1, 1], [1, 1, 1], [0, 0, 0], [0, 0, 1], [0, 1, 1], [0, 1, 1], [1, 1, 1], [0, 1, 1], [0, 0, 1], [1, 1, 1], [0, 0, 1], [0, 0, 1], [0, 0, 0], [0, 0, 1], [0, 0, 0], [0, 1, 1], [0, 0, 0], [0, 0, 1], [0, 1, 1], [0, 0, 1], [0, 1, 1], [0, 1, 0], [0, 0, 1], [1, 1, 1], [0, 0, 1], [1, 1, 1], [1, 1, 1], [0, 1, 1], [0, 1, 1], [1, 1, 1], [0, 1, 1], [1, 1, 1], [0, 1, 1], [1, 1, 1], [1, 1, 1], [1, 1, 1], [1, 1, 1], [0, 1, 1], [0, 0, 1], [0, 1, 1], [0, 0, 1], [0, 0, 0], [0, 1, 1], [0, 1, 1], [0, 1, 1], [0, 1, 1], [0, 1, 1], [0, 0, 0], [0, 0, 1], [0, 1, 1], [1, 1, 1], [0, 0, 0], [0, 1, 1], [0, 1, 0], [0, 1, 1], [0, 1, 1], [0, 0, 1], [0, 1, 1], [0, 0, 1], [0, 1, 1], [1, 1, 0], [0, 0, 1], [0, 1, 1], [0, 1, 1], [1, 0, 1]]
EuclidLab	90	0.625	160.469388961792	[[0, 0, 0], [0, 0, 0], [0, 0, 1], [1, 0, 0], [1, 0, 0], [1, 0, 0], [0, 0, 0], [0, 0, 0], [0, 0, 0], [0, 0, 1], [0, 0, 0], [0, 1, 0], [0, 0, 0], [1, 1, 0], [0, 0, 1], [1, 0, 0], [1, 1, 0], [0, 0, 0], [0, 0, 0], [0, 0, 1], [0, 1, 1], [1, 1, 0], [0, 1, 1], [0, 1, 0], [0, 1, 1], [0, 0, 0], [0, 0, 0], [0, 0, 0], [0, 0, 0], [0, 0, 0], [0, 0, 1], [0, 0, 0], [0, 0, 0], [0, 0, 1], [0, 0, 1], [0, 0, 1], [0, 0, 1], [0, 0, 1], [0, 1, 0], [0, 0, 1], [0, 1, 0], [0, 1, 0], [0, 0, 1], [0, 0, 1], [0, 1, 1], [0, 0, 1], [0, 1, 0], [0, 1, 1], [1, 1, 0], [0, 0, 1], [0, 1, 1], [0, 1, 1], [0, 0, 1], [0, 0, 0], [0, 0, 1], [0, 0, 0], [0, 0, 0], [0, 0, 0], [0, 0, 0], [0, 0, 0], [0, 0, 0], [0, 0, 1], [0, 1, 0], [0, 0, 1], [1, 0, 0], [0, 0, 0], [0, 0, 0], [1, 0, 0], [0, 0, 1], [0, 0, 1], [1, 0, 1], [0, 0, 1], [0, 0, 1], [1, 1, 0], [1, 0, 1], [0, 1, 1], [0, 1, 0], [0, 1, 1], [0, 1, 1], [0, 1, 0]]	[[0, 0, 1], [0, 0, 1], [0, 1, 1], [0, 0, 1], [0, 0, 1], [0, 0, 1], [1, 1, 0], [0, 0, 1], [0, 0, 1], [0, 1, 1], [0, 0, 0], [0, 0, 0], [0, 0, 0], [0, 0, 0], [0, 1, 1], [0, 1, 0], [0, 0, 0], [0, 0, 0], [0, 0, 0], [0, 1, 1], [0, 1, 1], [0, 0, 0], [0, 1, 1], [0, 0, 1], [0, 1, 1], [0, 0, 1], [0, 0, 1], [0, 0, 0], [0, 0, 1], [0, 0, 0], [0, 1, 1], [0, 0, 0], [0, 0, 1], [0, 1, 1], [0, 0, 1], [0, 1, 1], [0, 1, 0], [0, 0, 1], [0, 0, 0], [0, 0, 1], [0, 0, 0], [0, 0, 0], [0, 1, 1], [0, 1, 1], [1, 1, 1], [0, 1, 1], [0, 0, 0], [0, 1, 1], [0, 0, 0], [1, 1, 1], [0, 0, 0], [0, 1, 1], [0, 1, 1], [0, 0, 1], [0, 1, 1], [0, 0, 1], [0, 0, 0], [0, 1, 1], [0, 1, 1], [0, 1, 1], [0, 1, 1], [0, 1, 1], [0, 0, 0], [0, 0, 1], [0, 1, 1], [1, 1, 1], [0, 0, 0], [0, 1, 1], [0, 1, 0], [0, 1, 1], [0, 1, 1], [1, 0, 1], [0, 1, 1], [1, 1, 1], [0, 1, 1], [1, 1, 0], [0, 0, 1], [0, 1, 1], [0, 1, 1], [1, 0, 1]]
EuclidLab	95	0.7083333333333334	159.49889969825745	[[0, 0, 0], [0, 0, 0], [0, 0, 1], [1, 0, 0], [1, 0, 0], [1, 0, 0], [0, 0, 0], [0, 0, 0], [0, 0, 0], [0, 0, 1], [0, 0, 0], [0, 1, 0], [0, 0, 0], [1, 1, 0], [0, 0, 1], [1, 0, 0], [1, 1, 0], [0, 0, 0], [0, 0, 0], [0, 0, 1], [0, 1, 1], [1, 1, 0], [0, 1, 1], [0, 1, 0], [0, 1, 1], [0, 0, 0], [0, 0, 0], [0, 0, 0], [0, 0, 0], [0, 0, 0], [0, 0, 1], [0, 0, 0], [0, 0, 0], [0, 0, 1], [0, 0, 1], [0, 0, 1], [0, 0, 1], [0, 0, 1], [0, 1, 0], [0, 0, 1], [0, 1, 0], [0, 1, 0], [0, 0, 1], [0, 0, 1], [0, 1, 1], [0, 0, 1], [0, 1, 0], [0, 1, 1], [1, 1, 0], [0, 0, 1], [0, 1, 1], [0, 1, 1], [0, 0, 1], [0, 0, 0], [0, 0, 1], [0, 0, 0], [0, 0, 0], [0, 0, 0], [0, 0, 0], [0, 0, 0], [0, 0, 0], [0, 0, 1], [0, 1, 0], [0, 0, 1], [1, 0, 0], [0, 0, 0], [0, 0, 0], [1, 0, 0], [0, 0, 1], [0, 0, 1], [1, 0, 1], [0, 0, 1], [0, 0, 1], [1, 1, 0], [1, 0, 1], [0, 1, 1], [0, 1, 0], [0, 1, 1], [0, 1, 1], [0, 1, 0]]	[[0, 0, 0], [0, 0, 1], [0, 1, 1], [0, 0, 1], [0, 0, 1], [0, 0, 1], [1, 1, 0], [0, 0, 0], [0, 0, 1], [0, 1, 1], [0, 0, 0], [0, 0, 0], [0, 0, 0], [0, 0, 0], [0, 1, 0], [0, 0, 0], [0, 0, 0], [0, 0, 0], [0, 0, 0], [0, 1, 1], [0, 1, 1], [0, 0, 0], [0, 1, 1], [0, 0, 1], [0, 1, 1], [0, 0, 0], [0, 0, 1], [0, 0, 0], [0, 0, 0], [0, 0, 0], [0, 1, 1], [0, 0, 0], [0, 0, 1], [0, 1, 1], [0, 0, 1], [0, 1, 1], [0, 1, 0], [0, 1, 1], [0, 0, 0], [0, 1, 1], [0, 0, 0], [0, 0, 0], [0, 1, 1], [0, 1, 1], [0, 1, 0], [0, 1, 1], [0, 0, 0], [0, 1, 1], [0, 0, 0], [0, 1, 1], [0, 0, 0], [0, 1, 1], [0, 1, 1], [0, 0, 0], [0, 1, 1], [0, 0, 0], [0, 0, 0], [0, 0, 0], [0, 0, 0], [0, 0, 0], [0, 0, 0], [0, 1, 1], [0, 0, 0], [0, 0, 1], [0, 0, 0], [0, 0, 0], [0, 0, 0], [0, 0, 0], [0, 1, 1], [0, 1, 1], [0, 1, 1], [1, 1, 0], [0, 1, 1], [0, 0, 0], [0, 1, 1], [1, 1, 0], [0, 0, 1], [0, 1, 1], [0, 1, 1], [0, 0, 0]]
EuclidLab	100	0.6625	155.20194673538208	[[0, 0, 0], [0, 0, 0], [0, 0, 1], [1, 0, 0], [1, 0, 0], [1, 0, 0], [0, 0, 0], [0, 0, 0], [0, 0, 0], [0, 0, 1], [0, 0, 0], [0, 1, 0], [0, 0, 0], [1, 1, 0], [0, 0, 1], [1, 0, 0], [1, 1, 0], [0, 0, 0], [0, 0, 0], [0, 0, 1], [0, 1, 1], [1, 1, 0], [0, 1, 1], [0, 1, 0], [0, 1, 1], [0, 0, 0], [0, 0, 0], [0, 0, 0], [0, 0, 0], [0, 0, 0], [0, 0, 1], [0, 0, 0], [0, 0, 0], [0, 0, 1], [0, 0, 1], [0, 0, 1], [0, 0, 1], [0, 0, 1], [0, 1, 0], [0, 0, 1], [0, 1, 0], [0, 1, 0], [0, 0, 1], [0, 0, 1], [0, 1, 1], [0, 0, 1], [0, 1, 0], [0, 1, 1], [1, 1, 0], [0, 0, 1], [0, 1, 1], [0, 1, 1], [0, 0, 1], [0, 0, 0], [0, 0, 1], [0, 0, 0], [0, 0, 0], [0, 0, 0], [0, 0, 0], [0, 0, 0], [0, 0, 0], [0, 0, 1], [0, 1, 0], [0, 0, 1], [1, 0, 0], [0, 0, 0], [0, 0, 0], [1, 0, 0], [0, 0, 1], [0, 0, 1], [1, 0, 1], [0, 0, 1], [0, 0, 1], [1, 1, 0], [1, 0, 1], [0, 1, 1], [0, 1, 0], [0, 1, 1], [0, 1, 1], [0, 1, 0]]	[[0, 0, 0], [0, 0, 0], [0, 0, 0], [0, 0, 1], [0, 0, 1], [0, 0, 1], [1, 1, 0], [0, 0, 0], [0, 0, 0], [0, 0, 0], [0, 0, 0], [0, 0, 0], [0, 0, 0], [0, 0, 0], [0, 0, 0], [0, 0, 0], [0, 0, 0], [1, 0, 1], [0, 0, 0], [0, 0, 0], [0, 0, 0], [0, 0, 0], [0, 0, 0], [0, 0, 0], [0, 0, 0], [0, 0, 0], [0, 0, 1], [0, 0, 0], [0, 0, 0], [0, 0, 0], [0, 0, 0], [0, 0, 0], [0, 0, 1], [0, 0, 0], [0, 0, 0], [0, 0, 0], [0, 0, 0], [0, 0, 0], [0, 0, 0], [0, 0, 0], [0, 0, 0], [0, 0, 0], [0, 0, 0], [0, 0, 0], [0, 0, 0], [0, 0, 0], [0, 0, 0], [0, 0, 0], [0, 0, 0], [0, 0, 0], [0, 0, 0], [0, 0, 0], [0, 0, 0], [0, 0, 0], [0, 0, 0], [0, 0, 0], [0, 0, 0], [0, 0, 0], [0, 0, 0], [0, 0, 0], [0, 0, 0], [0, 0, 0], [0, 0, 0], [0, 0, 0], [0, 0, 0], [0, 0, 0], [0, 0, 0], [0, 0, 0], [0, 0, 0], [0, 1, 1], [0, 0, 0], [0, 0, 0], [0, 0, 0], [0, 0, 0], [0, 0, 0], [0, 0, 0], [0, 0, 0], [0, 0, 0], [0, 0, 0], [0, 0, 0]]
